DELETE FROM flashcard
WHERE flashcard_id BETWEEN 1 AND 1000;

DELETE FROM flashcard_set
WHERE set_id BETWEEN 1 AND 100;

DELETE FROM "user"
WHERE user_id BETWEEN 1 AND 10;

INSERT INTO "user" (user_id, nickname, email, password, role)
VALUES
    (1, 'Admin', 'admin@example.com', '$2a$10$3bmR3wXP51/sv9A.sqTFFuKx91bVPl34JftCIfoHMpnU2O5FT8nNO', 'ADMIN'),
    (2, 'johndoe', 'johndoe@example.com', '$2a$10$3bmR3wXP51/sv9A.sqTFFuKx91bVPl34JftCIfoHMpnU2O5FT8nNO', 'USER'),
    (3, 'alice', 'alice@example.com', '$2a$10$3bmR3wXP51/sv9A.sqTFFuKx91bVPl34JftCIfoHMpnU2O5FT8nNO', 'USER'),
    (4, 'bobsmith', 'bobsmith@example.com', '$2a$10$3bmR3wXP51/sv9A.sqTFFuKx91bVPl34JftCIfoHMpnU2O5FT8nNO', 'USER'),
    (5, 'charlie', 'charlie@example.com', '$2a$10$3bmR3wXP51/sv9A.sqTFFuKx91bVPl34JftCIfoHMpnU2O5FT8nNO', 'USER'),
    (6, 'dianaw', 'dianaw@example.com', '$2a$10$3bmR3wXP51/sv9A.sqTFFuKx91bVPl34JftCIfoHMpnU2O5FT8nNO', 'USER'),
    (7, 'evans', 'evans@example.com', '$2a$10$3bmR3wXP51/sv9A.sqTFFuKx91bVPl34JftCIfoHMpnU2O5FT8nNO', 'USER'),
    (8, 'frankie', 'frankie@example.com', '$2a$10$3bmR3wXP51/sv9A.sqTFFuKx91bVPl34JftCIfoHMpnU2O5FT8nNO', 'USER'),
    (9, 'grace', 'grace@example.com', '$2a$10$3bmR3wXP51/sv9A.sqTFFuKx91bVPl34JftCIfoHMpnU2O5FT8nNO', 'USER'),
    (10, 'henry', 'henry@example.com', '$2a$10$3bmR3wXP51/sv9A.sqTFFuKx91bVPl34JftCIfoHMpnU2O5FT8nNO', 'USER');


CREATE TEMP TABLE sample_seed_sets (
    set_id BIGINT,
    user_id BIGINT,
    domain_id INT,
    set_name TEXT,
    focus TEXT,
    description TEXT
);

INSERT INTO sample_seed_sets (set_id, user_id, domain_id, set_name, focus, description)
VALUES
    (1, 1, 1, 'English: Support Ticket Replies', 'support ticket replies', 'Phrases for answering user questions, explaining issues, and writing helpful support messages.'),
    (2, 1, 2, 'Java: Service Layer Review', 'service layer review', 'Java vocabulary for checking business logic, class responsibilities, and method boundaries.'),
    (3, 1, 3, 'Spring Boot: JWT Filter Flow', 'JWT filter flow', 'Spring Security terms related to authentication filters, tokens, and protected requests.'),
    (4, 1, 4, 'PostgreSQL: Flyway Migration Audit', 'Flyway migration audit', 'Database vocabulary for checking migration order, schema history, constraints, and indexes.'),
    (5, 1, 5, 'Mathematics: Product Metrics Reading', 'product metrics reading', 'Math and statistics terms used when interpreting dashboards and application reports.'),
    (6, 1, 6, 'History: Forms of Authority', 'forms of authority', 'Historical concepts about rulers, institutions, law, and political control.'),
    (7, 1, 7, 'Biology: Homeostasis and Systems', 'homeostasis and systems', 'Biology terms about balance, feedback, adaptation, and living systems.'),
    (8, 1, 8, 'Geography: Time Zones and Regions', 'time zones and regions', 'Geography vocabulary for regional location, time differences, and global areas.'),
    (9, 1, 9, 'Computer Science: Process Scheduling', 'process scheduling', 'Computer science terms about processes, operating systems, and resource allocation.'),
    (10, 1, 10, 'Business English: Product Planning', 'product planning', 'Professional vocabulary for planning product work, priorities, feedback, and stakeholders.'),

    (11, 2, 1, 'English: Daily Small Talk', 'daily small talk', 'Simple English phrases for greetings, casual questions, and everyday conversations.'),
    (12, 2, 2, 'Java: Objects and Classes', 'objects and classes', 'Core Java vocabulary about class structure, object state, constructors, and methods.'),
    (13, 2, 3, 'Spring Boot: REST Controllers', 'REST controllers', 'Spring Boot terms for request mappings, endpoints, request bodies, and HTTP responses.'),
    (14, 2, 4, 'PostgreSQL: Tables and Keys', 'tables and keys', 'Relational database terms about rows, columns, primary keys, and references.'),
    (15, 2, 5, 'Mathematics: Linear Equations', 'linear equations', 'Math vocabulary for variables, expressions, equations, and solving simple problems.'),
    (16, 2, 6, 'History: Early Cities', 'early cities', 'Historical terms about settlements, trade, writing, rulers, and organized societies.'),
    (17, 2, 7, 'Biology: Cell Basics', 'cell basics', 'Biology vocabulary about cell parts, membranes, nucleus, and basic cell functions.'),
    (18, 2, 8, 'Geography: Countries and Capitals', 'countries and capitals', 'Geography terms about countries, capitals, borders, and national locations.'),
    (19, 2, 9, 'Computer Science: Algorithm Steps', 'algorithm steps', 'Computer science vocabulary for ordered instructions, inputs, outputs, and correctness.'),
    (20, 2, 10, 'Business English: Meeting Basics', 'meeting basics', 'Business English terms for agendas, notes, action items, and meeting follow-ups.'),

    (21, 3, 1, 'English: Airport Check-in', 'airport check-in', 'Travel English for documents, luggage, boarding passes, and check-in questions.'),
    (22, 3, 2, 'Java: Constructor Design', 'constructor design', 'Java terms about object creation, required fields, initialization, and validation.'),
    (23, 3, 3, 'Spring Boot: Request DTOs', 'request DTOs', 'Spring Boot vocabulary for incoming payloads, validation, and API input models.'),
    (24, 3, 4, 'PostgreSQL: Table Relationships', 'table relationships', 'Database vocabulary for foreign keys, references, one-to-many relations, and joins.'),
    (25, 3, 5, 'Mathematics: Function Inputs', 'function inputs', 'Math terms about functions, domains, outputs, variables, and graphs.'),
    (26, 3, 6, 'History: Ancient Trade Routes', 'ancient trade routes', 'Historical vocabulary about merchants, routes, goods, ports, and cultural exchange.'),
    (27, 3, 7, 'Biology: Cell Organelles', 'cell organelles', 'Biology vocabulary about mitochondria, ribosomes, nucleus, and specialized cell structures.'),
    (28, 3, 8, 'Geography: Map Coordinates', 'map coordinates', 'Geography terms for latitude, longitude, direction, map scale, and position.'),
    (29, 3, 9, 'Computer Science: Arrays and Lists', 'arrays and lists', 'Computer science terms about indexed storage, ordered collections, and iteration.'),
    (30, 3, 10, 'Business English: Email Updates', 'email updates', 'Business English vocabulary for status updates, requests, decisions, and written communication.'),

    (31, 4, 1, 'English: Office Introductions', 'office introductions', 'Workplace English for introducing yourself, greeting coworkers, and starting conversations.'),
    (32, 4, 2, 'Java: Interface Contracts', 'interface contracts', 'Java vocabulary about interfaces, implementations, method signatures, and abstraction.'),
    (33, 4, 3, 'Spring Boot: Service Classes', 'service classes', 'Spring Boot terms for business logic, service methods, and application layers.'),
    (34, 4, 4, 'PostgreSQL: Join Queries', 'join queries', 'SQL vocabulary for combining tables, matching rows, aliases, and filtering results.'),
    (35, 4, 5, 'Mathematics: Probability Events', 'probability events', 'Math terms about chance, outcomes, likelihood, and random experiments.'),
    (36, 4, 6, 'History: Revolutionary Movements', 'revolutionary movements', 'Historical terms about uprisings, reform, protests, and political change.'),
    (37, 4, 7, 'Biology: DNA Inheritance', 'DNA inheritance', 'Biology vocabulary about genes, chromosomes, traits, and heredity.'),
    (38, 4, 8, 'Geography: River Systems', 'river systems', 'Geography terms about basins, tributaries, flow, erosion, and settlements near rivers.'),
    (39, 4, 9, 'Computer Science: Edge Cases', 'edge cases', 'Computer science vocabulary for unusual inputs, boundary values, and testing logic.'),
    (40, 4, 10, 'Business English: Payment Terms', 'payment terms', 'Business English vocabulary for invoices, due dates, pricing, and payment conditions.'),

    (41, 5, 1, 'English: Chat Messages', 'chat messages', 'English phrases for short online replies, quick questions, reactions, and clarifications.'),
    (42, 5, 2, 'Java: Exception Handling', 'exception handling', 'Java vocabulary for errors, try-catch blocks, thrown exceptions, and recovery paths.'),
    (43, 5, 3, 'Spring Boot: Active Profiles', 'active profiles', 'Spring Boot terms about dev, test, prod, configuration files, and environment-specific behavior.'),
    (44, 5, 4, 'PostgreSQL: Unique Constraints', 'unique constraints', 'Database vocabulary about preventing duplicates and protecting data integrity.'),
    (45, 5, 5, 'Mathematics: Derivatives', 'derivatives', 'Calculus terms about rates of change, slopes, tangent lines, and local behavior.'),
    (46, 5, 6, 'History: Imperial Expansion', 'imperial expansion', 'Historical vocabulary about colonies, conquest, resistance, and territorial control.'),
    (47, 5, 7, 'Biology: Natural Selection', 'natural selection', 'Biology vocabulary about adaptation, survival, reproduction, and population change.'),
    (48, 5, 8, 'Geography: Urban Population', 'urban population', 'Geography terms about cities, density, migration, and settlement growth.'),
    (49, 5, 9, 'Computer Science: Big O Notation', 'Big O notation', 'Computer science vocabulary for algorithm growth, performance, and input size.'),
    (50, 5, 10, 'Business English: Project Status', 'project status', 'Business English vocabulary for progress updates, blockers, milestones, and next steps.'),

    (51, 6, 1, 'English: Study Group Questions', 'study group questions', 'English phrases for asking about lessons, notes, exercises, and explanations.'),
    (52, 6, 2, 'Java: Clean Method Design', 'clean method design', 'Java terms about small methods, readable names, parameters, and return values.'),
    (53, 6, 3, 'Spring Boot: Validation Errors', 'validation errors', 'Spring Boot vocabulary for invalid input, constraints, messages, and response errors.'),
    (54, 6, 4, 'PostgreSQL: Transaction Safety', 'transaction safety', 'Database vocabulary for commits, rollbacks, isolation, and consistent updates.'),
    (55, 6, 5, 'Mathematics: Data Averages', 'data averages', 'Statistics terms about mean, median, range, outliers, and interpreting datasets.'),
    (56, 6, 6, 'History: Industrial Factories', 'industrial factories', 'Historical vocabulary about machines, labor, production, cities, and economic change.'),
    (57, 6, 7, 'Biology: Photosynthesis Process', 'photosynthesis process', 'Biology vocabulary about light, chlorophyll, glucose, oxygen, and plant energy.'),
    (58, 6, 8, 'Geography: Climate Zones', 'climate zones', 'Geography terms about temperature, precipitation, seasons, and regional climates.'),
    (59, 6, 9, 'Computer Science: Source Compilation', 'source compilation', 'Computer science vocabulary about source code, bytecode, compilers, and execution.'),
    (60, 6, 10, 'Business English: Deadline Planning', 'deadline planning', 'Business English terms for due dates, estimates, priorities, and scheduling work.'),

    (61, 7, 1, 'English: Customer Help', 'customer help', 'English phrases for answering questions, solving problems, and giving clear instructions.'),
    (62, 7, 2, 'Java: Package Organization', 'package organization', 'Java vocabulary about packages, imports, modules, naming, and project structure.'),
    (63, 7, 3, 'Spring Boot: Bean Injection', 'bean injection', 'Spring Boot terms about beans, components, constructors, and dependency injection.'),
    (64, 7, 4, 'PostgreSQL: Normalized Tables', 'normalized tables', 'Database vocabulary for reducing duplication and designing related tables.'),
    (65, 7, 5, 'Mathematics: Matrix Rows', 'matrix rows', 'Math terms about matrices, rows, columns, dimensions, and numeric structures.'),
    (66, 7, 6, 'History: Democratic Systems', 'democratic systems', 'Historical and political vocabulary about voting, representation, citizenship, and laws.'),
    (67, 7, 7, 'Biology: Food Chains', 'food chains', 'Biology vocabulary about producers, consumers, predators, energy flow, and ecosystems.'),
    (68, 7, 8, 'Geography: Cultural Regions', 'cultural regions', 'Geography terms about language, culture, borders, regions, and human landscapes.'),
    (69, 7, 9, 'Computer Science: Memory Management', 'memory management', 'Computer science vocabulary about allocation, processes, memory, and operating systems.'),
    (70, 7, 10, 'Business English: Client Requirements', 'client requirements', 'Business English vocabulary for scope, expectations, delivery, and acceptance criteria.'),

    (71, 8, 1, 'English: Party Invitations', 'party invitations', 'English phrases for inviting people, accepting plans, declining politely, and changing arrangements.'),
    (72, 8, 2, 'Java: Method Overloading', 'method overloading', 'Java vocabulary about method names, parameters, signatures, and overload resolution.'),
    (73, 8, 3, 'Spring Boot: Layered Architecture', 'layered architecture', 'Spring Boot terms for controllers, services, repositories, entities, and DTO boundaries.'),
    (74, 8, 4, 'PostgreSQL: Identity Columns', 'identity columns', 'Database vocabulary about generated IDs, sequences, defaults, and inserted rows.'),
    (75, 8, 5, 'Mathematics: Formula Substitution', 'formula substitution', 'Math terms about replacing variables with values and calculating results.'),
    (76, 8, 6, 'History: Peace Treaties', 'peace treaties', 'Historical vocabulary about diplomacy, agreements, borders, reparations, and alliances.'),
    (77, 8, 7, 'Biology: Enzyme Reactions', 'enzyme reactions', 'Biology vocabulary about catalysts, substrates, reaction speed, and active sites.'),
    (78, 8, 8, 'Geography: Coastal Landforms', 'coastal landforms', 'Geography terms about beaches, cliffs, bays, erosion, and shorelines.'),
    (79, 8, 9, 'Computer Science: Map Collections', 'map collections', 'Computer science vocabulary about key-value storage, lookup, insertion, and iteration.'),
    (80, 8, 10, 'Business English: Slide Presentations', 'slide presentations', 'Business English terms for presenting ideas, explaining charts, and answering questions.'),

    (81, 9, 1, 'English: Polite Requests', 'polite requests', 'English phrases for asking politely, softening messages, apologizing, and thanking others.'),
    (82, 9, 2, 'Java: Generic Types', 'generic types', 'Java vocabulary about type parameters, collections, compile-time checks, and reusable classes.'),
    (83, 9, 3, 'Spring Boot: Response Status Codes', 'response status codes', 'Spring Boot and HTTP terms for success, validation errors, missing resources, and server failures.'),
    (84, 9, 4, 'PostgreSQL: Referential Integrity', 'referential integrity', 'Database vocabulary about valid references, foreign keys, cascading actions, and consistency.'),
    (85, 9, 5, 'Mathematics: Statistical Outliers', 'statistical outliers', 'Statistics terms about unusual values, spread, averages, and data interpretation.'),
    (86, 9, 6, 'History: Nation States', 'nation states', 'Historical vocabulary about borders, citizenship, law, identity, and central government.'),
    (87, 9, 7, 'Biology: Genetic Variation', 'genetic variation', 'Biology vocabulary about alleles, mutations, traits, populations, and diversity.'),
    (88, 9, 8, 'Geography: Human Migration', 'human migration', 'Geography terms about movement, migration causes, destinations, and settlement patterns.'),
    (89, 9, 9, 'Computer Science: Input Constraints', 'input constraints', 'Computer science vocabulary for valid inputs, limits, assumptions, and problem requirements.'),
    (90, 9, 10, 'Business English: Negotiation Terms', 'negotiation terms', 'Business English vocabulary for offers, objections, compromise, conditions, and final agreements.'),

    (91, 10, 1, 'English: Morning Routine', 'morning routine', 'English vocabulary about waking up, breakfast, commuting, chores, and daily habits.'),
    (92, 10, 2, 'Java: Loop Syntax', 'loop syntax', 'Java vocabulary about loops, conditions, counters, iteration, and control flow.'),
    (93, 10, 3, 'Spring Boot: Resource Files', 'resource files', 'Spring Boot terms about application YAML files, properties, classpath resources, and startup configuration.'),
    (94, 10, 4, 'PostgreSQL: Basic SELECT Queries', 'basic SELECT queries', 'SQL vocabulary about selecting columns, filtering rows, ordering results, and limiting output.'),
    (95, 10, 5, 'Mathematics: Calculation Steps', 'calculation steps', 'Math terms about operations, formulas, order of operations, and checking answers.'),
    (96, 10, 6, 'History: Trade and Culture', 'trade and culture', 'Historical vocabulary about exchange, goods, routes, ideas, and cultural influence.'),
    (97, 10, 7, 'Biology: Human Body Systems', 'human body systems', 'Biology vocabulary about organs, tissues, systems, functions, and survival.'),
    (98, 10, 8, 'Geography: Weather and Seasons', 'weather and seasons', 'Geography terms about temperature, wind, rain, seasons, and local conditions.'),
    (99, 10, 9, 'Computer Science: Program Instructions', 'program instructions', 'Computer science vocabulary about statements, commands, variables, and execution order.'),
    (100, 10, 10, 'Business English: Team Tasks', 'team tasks', 'Business English vocabulary for assigning work, tracking progress, and communicating responsibilities.');

INSERT INTO flashcard_set (set_id, user_id, set_name, description)
SELECT set_id, user_id, set_name, description
FROM sample_seed_sets;

INSERT INTO flashcard (flashcard_id, set_id, term, definition)
VALUES
    (1, 1, 'ticket acknowledgement', 'A support phrase used to confirm that a user request has been received.'),
    (2, 1, 'known issue notice', 'A support reply explaining that a reported problem is already recognized.'),
    (3, 1, 'workaround instruction', 'A temporary instruction that helps the user continue before the issue is fully fixed.'),
    (4, 1, 'status update reply', 'A message that tells the user what progress has been made on a reported problem.'),
    (5, 1, 'escalation note', 'A support message explaining that the case has been passed to another team.'),
    (6, 1, 'reproduction steps request', 'A request asking the user to describe how the issue can be recreated.'),
    (7, 1, 'environment details request', 'A support question asking about browser, device, account, or application version.'),
    (8, 1, 'resolution confirmation', 'A reply asking the user to confirm whether the provided solution worked.'),
    (9, 1, 'support apology', 'A short message acknowledging inconvenience caused by a product problem.'),
    (10, 1, 'ticket closure message', 'A final support reply explaining that the case will be closed after resolution.'),

    (11, 2, 'service responsibility', 'The specific business task that a service class should handle.'),
    (12, 2, 'method boundary', 'The point where one method should stop doing work and another method should take over.'),
    (13, 2, 'business rule placement', 'The decision to place domain logic in the service layer instead of the controller.'),
    (14, 2, 'side effect check', 'A code review concern about whether a method unexpectedly changes application state.'),
    (15, 2, 'transactional service method', 'A service method that should complete database operations as one safe unit.'),
    (16, 2, 'duplicate logic warning', 'A review comment pointing out repeated code that should be extracted or reused.'),
    (17, 2, 'null handling branch', 'A code path that defines what happens when a required value is missing.'),
    (18, 2, 'service dependency', 'Another class or component used by a service to complete its work.'),
    (19, 2, 'method naming clarity', 'A quality concern about whether a method name clearly describes its behavior.'),
    (20, 2, 'single responsibility check', 'A review step verifying that a class is not handling too many unrelated tasks.'),

    (21, 3, 'authorization header', 'An HTTP header that commonly carries a bearer token for authenticated requests.'),
    (22, 3, 'bearer token', 'A token value sent with a request to prove the identity of the caller.'),
    (23, 3, 'JWT subject claim', 'A claim inside a token that identifies the user or principal.'),
    (24, 3, 'token expiration', 'The moment after which a JWT should no longer be accepted.'),
    (25, 3, 'security context', 'The place where Spring Security stores information about the authenticated user.'),
    (26, 3, 'authentication filter', 'A filter that checks request credentials before the controller is reached.'),
    (27, 3, 'role-based access', 'A security rule that allows an action only for users with a required role.'),
    (28, 3, 'unauthorized response', 'An HTTP response returned when a request has no valid authentication.'),
    (29, 3, 'forbidden response', 'An HTTP response returned when the user is authenticated but lacks permission.'),
    (30, 3, 'token validation', 'The process of checking whether a JWT is correctly signed and still valid.'),

    (31, 4, 'schema history table', 'The Flyway table that records which database migrations have already run.'),
    (32, 4, 'migration checksum', 'A value used by Flyway to detect whether a migration file was changed.'),
    (33, 4, 'versioned migration', 'A database migration that runs once in a specific version order.'),
    (34, 4, 'repeatable migration', 'A Flyway migration that can rerun when its content changes.'),
    (35, 4, 'baseline version', 'The version used when Flyway starts managing an existing non-empty database.'),
    (36, 4, 'clean operation', 'A Flyway action that removes database objects from the configured schema.'),
    (37, 4, 'migration validation', 'A Flyway check that compares applied migrations with available migration files.'),
    (38, 4, 'schema drift', 'A mismatch between the expected database schema and the actual database state.'),
    (39, 4, 'constraint audit', 'A review of database rules such as primary keys, foreign keys, and unique constraints.'),
    (40, 4, 'index inspection', 'A check that verifies whether useful database indexes exist for common queries.'),

    (41, 5, 'conversion rate', 'A metric showing the percentage of users who complete a desired action.'),
    (42, 5, 'active user count', 'A metric showing how many users were active during a selected period.'),
    (43, 5, 'retention rate', 'A metric showing how many users return after their first use.'),
    (44, 5, 'average session length', 'A metric describing the typical amount of time spent in one session.'),
    (45, 5, 'median response time', 'The middle response time value after all response times are ordered.'),
    (46, 5, 'percentile value', 'A value below which a chosen percentage of observations falls.'),
    (47, 5, 'growth trend', 'A pattern showing whether a metric is increasing, decreasing, or staying stable.'),
    (48, 5, 'sample size', 'The number of observations used to calculate a statistic.'),
    (49, 5, 'outlier value', 'A value that differs strongly from most other values in a dataset.'),
    (50, 5, 'metric baseline', 'A reference value used to compare later product measurements.'),

    (51, 6, 'centralized authority', 'A form of power where decision-making is concentrated in one main institution.'),
    (52, 6, 'legal code', 'A written set of laws used to organize and control behavior in a society.'),
    (53, 6, 'bureaucratic office', 'An administrative unit responsible for carrying out government tasks.'),
    (54, 6, 'ruling elite', 'A small powerful group that controls important political or economic decisions.'),
    (55, 6, 'state institution', 'An organized body that performs a government function.'),
    (56, 6, 'tax collection', 'The process by which authorities gather money or goods from the population.'),
    (57, 6, 'military command', 'The structure used to organize and direct armed forces.'),
    (58, 6, 'public decree', 'An official order announced by a ruler or government.'),
    (59, 6, 'succession crisis', 'A conflict over who should take power after a ruler leaves or dies.'),
    (60, 6, 'administrative reform', 'A change intended to improve how institutions or government offices work.'),

    (61, 7, 'homeostatic balance', 'The stable internal condition that living systems try to maintain.'),
    (62, 7, 'feedback loop', 'A biological process where the result of an action influences future activity.'),
    (63, 7, 'internal regulation', 'The control of internal conditions such as temperature, water, or chemical levels.'),
    (64, 7, 'stress response', 'The reaction of an organism or system to a challenging condition.'),
    (65, 7, 'adaptive change', 'A change that helps an organism or system respond better to its environment.'),
    (66, 7, 'system disruption', 'A disturbance that prevents a biological system from working normally.'),
    (67, 7, 'energy balance', 'The relationship between energy intake, use, and storage in a living system.'),
    (68, 7, 'regulatory signal', 'A biological message that helps control a process or response.'),
    (69, 7, 'organ system coordination', 'The cooperation of multiple body systems to maintain normal function.'),
    (70, 7, 'stable condition', 'A state where important biological variables remain within a safe range.'),

    (71, 8, 'regional boundary', 'A line or transition area separating one geographic region from another.'),
    (72, 8, 'time zone offset', 'The difference between a local time zone and Coordinated Universal Time.'),
    (73, 8, 'global region', 'A broad area of the world grouped by location, culture, economy, or environment.'),
    (74, 8, 'population distribution', 'The way people are spread across a country, region, or continent.'),
    (75, 8, 'urban concentration', 'A high density of people and services in cities or metropolitan areas.'),
    (76, 8, 'regional climate pattern', 'The typical weather behavior found in a large geographic area.'),
    (77, 8, 'cross-border area', 'A zone connected to more than one country or political territory.'),
    (78, 8, 'longitude difference', 'The east-west distance between places measured in degrees.'),
    (79, 8, 'latitude band', 'A horizontal zone of Earth defined by distance north or south of the equator.'),
    (80, 8, 'regional accessibility', 'How easily people, goods, or services can reach a geographic area.'),

    (81, 9, 'ready queue', 'A list of processes that are prepared to run when CPU time becomes available.'),
    (82, 9, 'context switch', 'The action of saving one process state and loading another process state.'),
    (83, 9, 'time slice', 'A small unit of CPU time assigned to a process by a scheduler.'),
    (84, 9, 'process priority', 'A value used to decide which process should run before another.'),
    (85, 9, 'scheduler policy', 'The rule set used by an operating system to choose the next process.'),
    (86, 9, 'blocked process', 'A process that cannot continue until a required event or resource is available.'),
    (87, 9, 'CPU burst', 'A period during which a process actively uses the processor.'),
    (88, 9, 'waiting time', 'The time a process spends waiting before it can run.'),
    (89, 9, 'turnaround time', 'The total time from process submission to process completion.'),
    (90, 9, 'preemptive scheduling', 'A scheduling approach where a running process can be interrupted by the system.'),

    (91, 10, 'product roadmap', 'A plan that outlines future product goals, features, and priorities.'),
    (92, 10, 'feature priority', 'The relative importance assigned to a planned product feature.'),
    (93, 10, 'stakeholder feedback', 'Input from people affected by or interested in the product.'),
    (94, 10, 'release scope', 'The set of features or changes planned for a specific product release.'),
    (95, 10, 'planning milestone', 'An important point used to track progress during product planning.'),
    (96, 10, 'user need', 'A problem or goal that the product should help a user address.'),
    (97, 10, 'acceptance criteria', 'Conditions that must be satisfied for a feature to be accepted.'),
    (98, 10, 'product risk', 'A possible issue that may affect product delivery, quality, or adoption.'),
    (99, 10, 'iteration plan', 'A short-term plan describing work for the next development cycle.'),
    (100, 10, 'delivery estimate', 'An approximate prediction of how much time or effort a task will require.'),

    (101, 11, 'friendly greeting', 'A simple phrase used to start a casual everyday conversation.'),
    (102, 11, 'weekend question', 'A casual question asking someone about their weekend plans or activities.'),
    (103, 11, 'weather comment', 'A light comment about the weather used to continue small talk.'),
    (104, 11, 'personal update', 'A short statement about what is happening in someone daily life.'),
    (105, 11, 'casual agreement', 'An informal phrase used to show that you agree with another person.'),
    (106, 11, 'conversation filler', 'A short expression used to keep a conversation moving naturally.'),
    (107, 11, 'informal invitation', 'A relaxed phrase used to invite someone to do something together.'),
    (108, 11, 'quick compliment', 'A short positive comment about someone or something.'),
    (109, 11, 'topic change phrase', 'A phrase used to move from one casual subject to another.'),
    (110, 11, 'friendly goodbye', 'A relaxed phrase used to end an everyday conversation.'),

    (111, 12, 'class blueprint', 'A Java class definition that describes the structure and behavior of objects.'),
    (112, 12, 'object instance', 'A concrete object created from a Java class.'),
    (113, 12, 'instance field', 'A variable stored inside an object to represent part of its state.'),
    (114, 12, 'default constructor', 'A constructor that can create an object without explicit arguments.'),
    (115, 12, 'method call', 'An instruction that runs a method on an object or class.'),
    (116, 12, 'access modifier', 'A Java keyword that controls visibility of classes, fields, or methods.'),
    (117, 12, 'object reference', 'A value that points to an object stored in memory.'),
    (118, 12, 'static member', 'A field or method that belongs to a class rather than one object.'),
    (119, 12, 'instance method', 'A method that operates on the state of a specific object.'),
    (120, 12, 'class constructor', 'A special method used to initialize an object when it is created.'),

    (121, 13, 'request mapping', 'A Spring annotation setup that connects an HTTP path to controller code.'),
    (122, 13, 'GET endpoint', 'An API endpoint usually used to read or retrieve data.'),
    (123, 13, 'POST endpoint', 'An API endpoint usually used to create a new resource.'),
    (124, 13, 'path variable', 'A value taken from the URL path and passed into controller logic.'),
    (125, 13, 'query parameter', 'A value sent in the URL after a question mark to filter or adjust a request.'),
    (126, 13, 'request payload', 'The structured data sent by a client in the body of a request.'),
    (127, 13, 'response body', 'The structured data returned by an API after processing a request.'),
    (128, 13, 'HTTP status code', 'A numeric code that describes the result of an HTTP request.'),
    (129, 13, 'controller method', 'A method that handles a specific incoming HTTP request.'),
    (130, 13, 'REST resource', 'A domain object or concept exposed through API endpoints.'),

    (131, 14, 'database table', 'A structure that stores related data in rows and columns.'),
    (132, 14, 'table row', 'A single record stored inside a database table.'),
    (133, 14, 'table column', 'A named field that stores one type of value for each row.'),
    (134, 14, 'primary key value', 'A value that uniquely identifies one row in a table.'),
    (135, 14, 'foreign key value', 'A value that points to a related row in another table.'),
    (136, 14, 'unique column', 'A column that cannot contain duplicate values across rows.'),
    (137, 14, 'not null rule', 'A database rule requiring a column to contain a value.'),
    (138, 14, 'insert statement', 'A SQL command used to add new rows to a table.'),
    (139, 14, 'update statement', 'A SQL command used to change existing rows in a table.'),
    (140, 14, 'delete statement', 'A SQL command used to remove rows from a table.'),

    (141, 15, 'linear equation', 'An equation where variables appear only to the first power.'),
    (142, 15, 'unknown variable', 'A symbol representing a value that must be found.'),
    (143, 15, 'constant term', 'A value in an expression that does not change.'),
    (144, 15, 'coefficient value', 'A number that multiplies a variable in an algebraic expression.'),
    (145, 15, 'equivalent expression', 'An expression that has the same value as another expression.'),
    (146, 15, 'solution set', 'The value or values that make an equation true.'),
    (147, 15, 'substitution step', 'Replacing a variable with a specific value while solving a problem.'),
    (148, 15, 'balanced equation', 'An equation where both sides remain equal after the same operation.'),
    (149, 15, 'algebraic term', 'A number, variable, or product that forms part of an expression.'),
    (150, 15, 'simplified expression', 'An expression rewritten in a shorter or clearer equivalent form.'),

    (151, 16, 'permanent settlement', 'A place where people live continuously instead of moving frequently.'),
    (152, 16, 'urban center', 'A town or city that becomes a focus of trade, administration, or culture.'),
    (153, 16, 'irrigation system', 'A method of bringing water to crops to support farming.'),
    (154, 16, 'written record', 'A preserved document or inscription that provides information about the past.'),
    (155, 16, 'social hierarchy', 'A ranking of groups within a society based on status, wealth, or power.'),
    (156, 16, 'specialized labor', 'Work performed by people with specific skills or roles.'),
    (157, 16, 'trade exchange', 'The movement of goods or services between people or communities.'),
    (158, 16, 'city wall', 'A defensive structure built around an early city.'),
    (159, 16, 'temple complex', 'A group of religious buildings used for worship and social organization.'),
    (160, 16, 'early ruler', 'A leader who controlled political or religious authority in an early society.'),

    (161, 17, 'cell membrane', 'The boundary that controls what enters and leaves a cell.'),
    (162, 17, 'cell nucleus', 'The part of many cells that stores genetic material.'),
    (163, 17, 'cytoplasm', 'The jelly-like material inside a cell where many processes occur.'),
    (164, 17, 'mitochondrion', 'An organelle that helps release energy for cell activities.'),
    (165, 17, 'ribosome', 'A cell structure involved in building proteins.'),
    (166, 17, 'cell wall', 'A rigid outer layer that supports some types of cells.'),
    (167, 17, 'chloroplast', 'An organelle in plant cells that carries out photosynthesis.'),
    (168, 17, 'vacuole', 'A storage structure inside a cell.'),
    (169, 17, 'cell division', 'The process by which one cell produces new cells.'),
    (170, 17, 'cell function', 'A specific activity performed by a cell to keep an organism alive.'),

    (171, 18, 'national capital', 'The city where a country government is based.'),
    (172, 18, 'international border', 'A boundary separating two countries.'),
    (173, 18, 'sovereign state', 'A country with its own government and recognized territory.'),
    (174, 18, 'landlocked country', 'A country that has no coastline.'),
    (175, 18, 'coastal country', 'A country with land next to a sea or ocean.'),
    (176, 18, 'capital region', 'The area surrounding or containing the capital city.'),
    (177, 18, 'neighboring country', 'A country located next to another country.'),
    (178, 18, 'national territory', 'The land and waters controlled by a country.'),
    (179, 18, 'border crossing', 'A place where people or goods move from one country to another.'),
    (180, 18, 'administrative capital', 'A city that contains important government offices.'),

    (181, 19, 'input data', 'The information given to an algorithm before it starts.'),
    (182, 19, 'output result', 'The answer or value produced by an algorithm.'),
    (183, 19, 'ordered instruction', 'One step in a sequence that must be followed in the correct order.'),
    (184, 19, 'algorithm trace', 'A step-by-step walkthrough showing how an algorithm runs.'),
    (185, 19, 'termination condition', 'A condition that tells an algorithm when to stop.'),
    (186, 19, 'correctness check', 'A test of whether an algorithm returns the expected result.'),
    (187, 19, 'edge input', 'An unusual or boundary input that may reveal a bug.'),
    (188, 19, 'iteration step', 'One repeated pass through part of an algorithm.'),
    (189, 19, 'decision branch', 'A path chosen when an algorithm evaluates a condition.'),
    (190, 19, 'algorithm efficiency', 'How well an algorithm uses time and memory.'),

    (191, 20, 'meeting agenda', 'A list of topics planned for discussion during a meeting.'),
    (192, 20, 'action item', 'A task assigned to someone during or after a meeting.'),
    (193, 20, 'meeting minutes', 'Written notes summarizing what was discussed and decided.'),
    (194, 20, 'follow-up email', 'A message sent after a meeting to confirm next steps.'),
    (195, 20, 'deadline reminder', 'A message that reminds people when a task is due.'),
    (196, 20, 'status round', 'A part of a meeting where participants share progress updates.'),
    (197, 20, 'decision summary', 'A short explanation of what was agreed during a meeting.'),
    (198, 20, 'meeting host', 'The person responsible for leading a meeting.'),
    (199, 20, 'discussion point', 'A topic raised for conversation during a meeting.'),
    (200, 20, 'next steps', 'The actions that should happen after a meeting.'),

    (201, 21, 'boarding pass', 'A travel document that allows a passenger to board a flight.'),
    (202, 21, 'checked baggage', 'Luggage handed to the airline before boarding and stored in the aircraft hold.'),
    (203, 21, 'carry-on bag', 'A small bag that a passenger brings into the aircraft cabin.'),
    (204, 21, 'departure gate', 'The place in an airport where passengers wait before boarding a flight.'),
    (205, 21, 'security screening', 'The airport process where passengers and bags are checked for safety.'),
    (206, 21, 'passport control', 'The checkpoint where travel documents are inspected.'),
    (207, 21, 'boarding time', 'The scheduled time when passengers can start entering the aircraft.'),
    (208, 21, 'baggage allowance', 'The amount or weight of luggage a passenger is allowed to bring.'),
    (209, 21, 'flight delay', 'A situation where a flight leaves later than planned.'),
    (210, 21, 'hotel reservation', 'A booking that confirms a room will be available at a hotel.'),

    (211, 22, 'required field constructor', 'A constructor that receives values needed to create a valid object.'),
    (212, 22, 'constructor parameter', 'A value passed into a constructor when an object is created.'),
    (213, 22, 'object initialization', 'The process of setting initial values for a new object.'),
    (214, 22, 'immutable field', 'A field whose value should not change after object construction.'),
    (215, 22, 'validation in constructor', 'A check performed during object creation to prevent invalid state.'),
    (216, 22, 'constructor overload', 'An additional constructor with a different parameter list.'),
    (217, 22, 'field assignment', 'The act of storing a constructor argument in an object field.'),
    (218, 22, 'no-argument constructor', 'A constructor that creates an object without receiving explicit values.'),
    (219, 22, 'object invariant', 'A rule that should always remain true for a valid object.'),
    (220, 22, 'constructor chaining', 'Calling one constructor from another constructor in the same class.'),

    (221, 23, 'request DTO', 'An object used to carry input data from an API request.'),
    (222, 23, 'validation annotation', 'An annotation that declares a rule for request data.'),
    (223, 23, 'required property', 'A field that must be present in a request payload.'),
    (224, 23, 'payload shape', 'The structure and field layout of data sent to an API.'),
    (225, 23, 'field constraint', 'A rule limiting what value a request field may contain.'),
    (226, 23, 'input sanitization', 'The process of cleaning or normalizing input before it is used.'),
    (227, 23, 'error message body', 'The response data explaining why request validation failed.'),
    (228, 23, 'nested DTO', 'A data transfer object placed inside another data transfer object.'),
    (229, 23, 'request mapping model', 'A model designed to match the structure of incoming request data.'),
    (230, 23, 'invalid payload', 'Request data that cannot be accepted because it breaks validation rules.'),

    (231, 24, 'one-to-many relation', 'A relationship where one row can be connected to many rows in another table.'),
    (232, 24, 'many-to-one relation', 'A relationship where many rows refer to one row in another table.'),
    (233, 24, 'referenced table', 'The table that contains the primary key used by another table.'),
    (234, 24, 'referencing table', 'The table that stores a foreign key pointing to another table.'),
    (235, 24, 'cascade delete', 'A rule that deletes dependent rows when the referenced row is deleted.'),
    (236, 24, 'relationship cardinality', 'The number of rows that can participate in a database relationship.'),
    (237, 24, 'junction table', 'A table used to represent a many-to-many relationship.'),
    (238, 24, 'parent row', 'A row that is referenced by related rows in another table.'),
    (239, 24, 'child row', 'A row that depends on or references a parent row.'),
    (240, 24, 'referential action', 'The database behavior triggered when a referenced row changes or is deleted.'),

    (241, 25, 'function domain', 'The set of input values for which a function is defined.'),
    (242, 25, 'function range', 'The set of output values a function can produce.'),
    (243, 25, 'input-output pair', 'A pair showing one input value and its corresponding function output.'),
    (244, 25, 'independent variable', 'The variable whose value is chosen or controlled in a function.'),
    (245, 25, 'dependent variable', 'The variable whose value depends on another variable.'),
    (246, 25, 'function graph', 'A visual representation of input-output relationships.'),
    (247, 25, 'constant function', 'A function that returns the same output for every input.'),
    (248, 25, 'linear function', 'A function whose graph is a straight line.'),
    (249, 25, 'function notation', 'A symbolic way to write the rule of a function.'),
    (250, 25, 'output value', 'The value produced by a function for a given input.');

INSERT INTO flashcard (flashcard_id, set_id, term, definition)
VALUES
    (251, 26, 'merchant caravan', 'A group of traders traveling together to move goods across long distances.'),
    (252, 26, 'trade route', 'A path regularly used to transport goods between regions or cities.'),
    (253, 26, 'market town', 'A settlement where people gathered to buy, sell, and exchange goods.'),
    (254, 26, 'luxury goods', 'Expensive items traded over long distances because they were rare or valuable.'),
    (255, 26, 'cultural exchange', 'The spread of ideas, customs, technology, or beliefs through contact between groups.'),
    (256, 26, 'trade network', 'A connected system of routes and places used for exchanging goods.'),
    (257, 26, 'port city', 'A city near water that becomes important because of shipping and trade.'),
    (258, 26, 'merchant class', 'A social group made up of people who earn money by buying and selling goods.'),
    (259, 26, 'trade taxation', 'The collection of fees or taxes from merchants moving goods.'),
    (260, 26, 'exchange goods', 'Products moved between communities through trade or barter.'),

    (261, 27, 'mitochondria', 'Cell organelles that release usable energy from nutrients.'),
    (262, 27, 'ribosome', 'A small cell structure that helps build proteins.'),
    (263, 27, 'nucleus', 'The organelle that stores genetic information in many cells.'),
    (264, 27, 'endoplasmic reticulum', 'A cell structure involved in producing and transporting molecules.'),
    (265, 27, 'Golgi apparatus', 'An organelle that modifies, sorts, and packages molecules for transport.'),
    (266, 27, 'lysosome', 'An organelle that breaks down waste materials and old cell parts.'),
    (267, 27, 'chloroplast', 'A plant cell organelle that captures light energy for photosynthesis.'),
    (268, 27, 'vacuole', 'A storage organelle that can hold water, nutrients, or waste.'),
    (269, 27, 'cytoskeleton', 'A network of fibers that helps a cell keep its shape and move materials.'),
    (270, 27, 'cell membrane', 'The flexible boundary that controls what enters and leaves a cell.'),

    (271, 28, 'latitude line', 'A horizontal map line showing distance north or south of the equator.'),
    (272, 28, 'longitude line', 'A vertical map line showing distance east or west of the prime meridian.'),
    (273, 28, 'map scale', 'A tool showing how map distance relates to real-world distance.'),
    (274, 28, 'compass rose', 'A map symbol that shows directions such as north, south, east, and west.'),
    (275, 28, 'grid reference', 'A location code based on map grid lines.'),
    (276, 28, 'absolute location', 'The exact position of a place using coordinates.'),
    (277, 28, 'relative location', 'A description of where a place is compared with another place.'),
    (278, 28, 'elevation marker', 'A map label showing height above sea level.'),
    (279, 28, 'legend symbol', 'A symbol explained in a map legend.'),
    (280, 28, 'topographic map', 'A map that shows land height and surface shape.'),

    (281, 29, 'array index', 'A numeric position used to access an element in an array.'),
    (282, 29, 'list insertion', 'The operation of adding a new item to a list.'),
    (283, 29, 'list traversal', 'The process of visiting each item in a list.'),
    (284, 29, 'dynamic array', 'An array-like structure that can grow when more elements are added.'),
    (285, 29, 'linked node', 'A data element that stores a value and a reference to another element.'),
    (286, 29, 'head element', 'The first element in a linked list or similar structure.'),
    (287, 29, 'tail element', 'The final element in a linked list or similar structure.'),
    (288, 29, 'element lookup', 'The operation of finding an item stored in a collection.'),
    (289, 29, 'collection size', 'The number of elements currently stored in a collection.'),
    (290, 29, 'ordered collection', 'A collection where element position matters.'),

    (291, 30, 'status update email', 'A professional email that explains current progress on a task or project.'),
    (292, 30, 'decision recap', 'A written summary of choices made during a discussion.'),
    (293, 30, 'request for approval', 'A message asking someone to accept or confirm a proposed action.'),
    (294, 30, 'deadline reminder email', 'An email reminding recipients about an upcoming due date.'),
    (295, 30, 'project blocker note', 'A message explaining what is preventing progress on a task.'),
    (296, 30, 'priority change message', 'A written update explaining that task importance has changed.'),
    (297, 30, 'availability question', 'A message asking when someone is free to talk or work on something.'),
    (298, 30, 'document handoff', 'A message used when sending work or files to another person.'),
    (299, 30, 'meeting recap email', 'An email summarizing topics, decisions, and next steps after a meeting.'),
    (300, 30, 'polite reminder', 'A respectful message used to remind someone about a task or response.'),

    (301, 31, 'self-introduction', 'A short statement used to tell others who you are at work.'),
    (302, 31, 'team introduction', 'A phrase used when introducing a colleague to another person.'),
    (303, 31, 'role explanation', 'A short explanation of someone responsibilities in a workplace.'),
    (304, 31, 'first-day greeting', 'A friendly phrase used when meeting coworkers on a first day.'),
    (305, 31, 'department mention', 'A workplace phrase that identifies which team or area someone works in.'),
    (306, 31, 'office welcome', 'A friendly phrase used to make someone feel accepted in a workplace.'),
    (307, 31, 'name clarification', 'A phrase used to ask someone to repeat or spell their name.'),
    (308, 31, 'work background', 'A short description of previous experience or professional history.'),
    (309, 31, 'coworker greeting', 'A casual phrase used when meeting a colleague during the workday.'),
    (310, 31, 'introduction follow-up', 'A sentence used to continue a conversation after meeting someone.'),

    (311, 32, 'method signature', 'The name, parameters, and return type that define how a method is called.'),
    (312, 32, 'implementation class', 'A class that provides concrete behavior for an interface.'),
    (313, 32, 'interface method', 'A method declared by an interface and implemented by a class.'),
    (314, 32, 'contract violation', 'A situation where code does not behave as its interface promises.'),
    (315, 32, 'default method', 'A method in an interface that already has an implementation.'),
    (316, 32, 'abstract behavior', 'Behavior described without committing to one concrete implementation.'),
    (317, 32, 'override annotation', 'An annotation showing that a method replaces behavior from a parent type.'),
    (318, 32, 'subtype relation', 'A relationship where one type can be treated as another more general type.'),
    (319, 32, 'interface segregation', 'The design idea that interfaces should be focused and not force unused methods.'),
    (320, 32, 'polymorphic call', 'A method call where the actual implementation depends on the runtime object type.'),

    (321, 33, 'business logic method', 'A service method that applies rules required by the application.'),
    (322, 33, 'service orchestration', 'The coordination of multiple operations inside a service class.'),
    (323, 33, 'repository delegation', 'Passing data access work from a service to a repository.'),
    (324, 33, 'transactional boundary', 'The service-level limit within which database changes should succeed or fail together.'),
    (325, 33, 'domain operation', 'A meaningful action performed on application data according to business rules.'),
    (326, 33, 'service validation', 'Checking input or state before business logic continues.'),
    (327, 33, 'application workflow', 'A sequence of service actions used to complete a user request.'),
    (328, 33, 'dependency coordination', 'Using several injected components to complete one application task.'),
    (329, 33, 'service interface', 'An abstraction describing operations provided by a service layer.'),
    (330, 33, 'use case method', 'A service method representing one complete application action.'),

    (331, 34, 'inner join', 'A join that returns only rows with matching values in both tables.'),
    (332, 34, 'left join', 'A join that returns all rows from the left table and matching rows from the right table.'),
    (333, 34, 'join predicate', 'The condition used to match rows between joined tables.'),
    (334, 34, 'table alias', 'A short temporary name used for a table inside a query.'),
    (335, 34, 'result set', 'The rows returned by a database query.'),
    (336, 34, 'where clause', 'The part of a query that filters rows by condition.'),
    (337, 34, 'order by clause', 'The part of a query that sorts returned rows.'),
    (338, 34, 'group by clause', 'The part of a query that groups rows for aggregation.'),
    (339, 34, 'aggregate function', 'A function such as COUNT or SUM used to calculate a value from multiple rows.'),
    (340, 34, 'query projection', 'The selected columns or expressions returned by a query.'),

    (341, 35, 'random experiment', 'An action or process with an outcome that cannot be predicted with certainty.'),
    (342, 35, 'sample space', 'The set of all possible outcomes of a random experiment.'),
    (343, 35, 'favorable outcome', 'An outcome that satisfies the event being measured.'),
    (344, 35, 'event probability', 'A number describing how likely an event is to happen.'),
    (345, 35, 'independent events', 'Events where the outcome of one event does not affect the other.'),
    (346, 35, 'dependent events', 'Events where the outcome of one event changes the probability of another.'),
    (347, 35, 'complement event', 'The event that happens when the original event does not happen.'),
    (348, 35, 'probability fraction', 'A probability written as a fraction between zero and one.'),
    (349, 35, 'expected outcome', 'A predicted average result based on probabilities.'),
    (350, 35, 'likelihood comparison', 'A comparison of how probable two or more events are.'),

    (351, 36, 'popular uprising', 'A mass action by ordinary people against existing authority.'),
    (352, 36, 'political reform', 'A change intended to improve a political system or institution.'),
    (353, 36, 'revolutionary leader', 'A person who guides or represents a movement for major change.'),
    (354, 36, 'old regime', 'The political and social system that existed before a revolution.'),
    (355, 36, 'constitutional change', 'A modification to the basic laws defining government power.'),
    (356, 36, 'civil unrest', 'Public disorder caused by dissatisfaction with political or social conditions.'),
    (357, 36, 'reform agenda', 'A set of proposed changes promoted by a movement or government.'),
    (358, 36, 'political manifesto', 'A public statement of goals and beliefs from a political movement.'),
    (359, 36, 'power transfer', 'The movement of authority from one group or institution to another.'),
    (360, 36, 'revolutionary outcome', 'The political or social result produced by a revolution.'),

    (361, 37, 'chromosome pair', 'Two chromosomes carrying related genetic information in many organisms.'),
    (362, 37, 'dominant allele', 'An allele that can show its trait even when only one copy is present.'),
    (363, 37, 'recessive allele', 'An allele whose trait usually appears only when two copies are present.'),
    (364, 37, 'genetic trait', 'A characteristic influenced by genes inherited from parents.'),
    (365, 37, 'Punnett square', 'A diagram used to predict possible genetic outcomes.'),
    (366, 37, 'genotype', 'The genetic makeup of an organism for a trait.'),
    (367, 37, 'phenotype', 'The visible or measurable expression of a trait.'),
    (368, 37, 'hereditary pattern', 'The way traits are passed from parents to offspring.'),
    (369, 37, 'DNA sequence', 'The order of nucleotide bases in a section of DNA.'),
    (370, 37, 'genetic variation', 'Differences in genetic information among individuals in a population.'),

    (371, 38, 'river basin', 'The area of land drained by a river and its tributaries.'),
    (372, 38, 'tributary stream', 'A smaller stream or river that flows into a larger river.'),
    (373, 38, 'river mouth', 'The place where a river flows into a sea, lake, or another river.'),
    (374, 38, 'floodplain', 'Flat land near a river that may flood when water levels rise.'),
    (375, 38, 'river erosion', 'The wearing away of land by moving river water.'),
    (376, 38, 'sediment deposit', 'Material carried by water and left behind in a new location.'),
    (377, 38, 'watershed boundary', 'A dividing line between drainage areas.'),
    (378, 38, 'river valley', 'A low area shaped by a river over time.'),
    (379, 38, 'delta formation', 'Land built up where a river deposits sediment near its mouth.'),
    (380, 38, 'river current', 'The movement of water through a river channel.'),

    (381, 39, 'boundary value', 'An input value at the edge of an allowed range.'),
    (382, 39, 'empty input', 'A case where an algorithm receives no elements or no meaningful data.'),
    (383, 39, 'single element case', 'A test case where a collection contains exactly one item.'),
    (384, 39, 'maximum input size', 'The largest amount of input data expected or allowed.'),
    (385, 39, 'invalid input case', 'A test case where supplied data breaks expected rules.'),
    (386, 39, 'null input', 'A case where a required value is absent instead of containing data.'),
    (387, 39, 'duplicate input value', 'A repeated value that may affect algorithm behavior.'),
    (388, 39, 'sorted input case', 'A case where data is already in sorted order.'),
    (389, 39, 'reverse sorted input', 'A case where data appears in the opposite of the expected order.'),
    (390, 39, 'precision edge case', 'A case where rounding or decimal precision can affect the result.'),

    (391, 40, 'payment due date', 'The date by which an invoice should be paid.'),
    (392, 40, 'late payment fee', 'An additional charge applied when payment is not made on time.'),
    (393, 40, 'invoice number', 'A unique identifier assigned to an invoice.'),
    (394, 40, 'billing address', 'The address used for sending invoices or payment documents.'),
    (395, 40, 'payment method', 'The way a customer pays, such as card, transfer, or cash.'),
    (396, 40, 'net payment terms', 'Terms describing how many days the buyer has to pay an invoice.'),
    (397, 40, 'purchase order', 'A document confirming that a buyer wants to purchase goods or services.'),
    (398, 40, 'service fee', 'A charge for a provided service.'),
    (399, 40, 'deposit payment', 'An initial partial payment made before full payment is due.'),
    (400, 40, 'outstanding balance', 'The amount of money that still remains unpaid.'),

    (401, 41, 'quick reply', 'A short response sent in an online conversation.'),
    (402, 41, 'reaction message', 'A brief message showing how someone feels about previous content.'),
    (403, 41, 'typing indicator', 'A signal showing that someone is writing a chat response.'),
    (404, 41, 'message thread', 'A connected sequence of messages about the same topic.'),
    (405, 41, 'emoji response', 'A symbol or icon used to express emotion in a message.'),
    (406, 41, 'chat clarification', 'A short question used to make a chat message easier to understand.'),
    (407, 41, 'direct message', 'A private message sent to one person or a small group.'),
    (408, 41, 'group chat mention', 'A reference to someone inside a group chat message.'),
    (409, 41, 'short confirmation', 'A brief message confirming that something is understood or accepted.'),
    (410, 41, 'message edit note', 'A note or change made after a message has already been sent.'),

    (411, 42, 'try block', 'A Java block containing code that might throw an exception.'),
    (412, 42, 'catch block', 'A Java block that handles a specific exception after it occurs.'),
    (413, 42, 'finally block', 'A Java block that can run after try and catch logic.'),
    (414, 42, 'throw statement', 'A Java statement used to create and raise an exception.'),
    (415, 42, 'throws declaration', 'A method declaration that lists exceptions the method may pass upward.'),
    (416, 42, 'runtime exception', 'An exception type that does not need to be declared or caught explicitly.'),
    (417, 42, 'checked exception', 'An exception type that Java requires code to handle or declare.'),
    (418, 42, 'exception message', 'Text explaining what went wrong when an exception occurred.'),
    (419, 42, 'stack trace', 'A report showing the chain of method calls leading to an exception.'),
    (420, 42, 'custom exception', 'An application-specific exception type created by developers.'),

    (421, 43, 'dev profile', 'A Spring profile used for local development settings.'),
    (422, 43, 'prod profile', 'A Spring profile used for production environment settings.'),
    (423, 43, 'profile-specific YAML', 'A configuration file loaded only when a matching profile is active.'),
    (424, 43, 'active profile list', 'The set of Spring profiles currently enabled for an application run.'),
    (425, 43, 'environment override', 'A setting that changes configuration based on environment variables or profiles.'),
    (426, 43, 'local configuration', 'Application settings intended for a developer machine.'),
    (427, 43, 'profile condition', 'A condition that creates or skips a bean depending on the active profile.'),
    (428, 43, 'configuration merge', 'The process of combining base and profile-specific configuration values.'),
    (429, 43, 'default profile', 'The profile behavior used when no explicit profile is active.'),
    (430, 43, 'runtime environment', 'The context in which an application runs, such as local, test, or production.'),

    (431, 44, 'unique index', 'An index that prevents duplicate values in selected columns.'),
    (432, 44, 'duplicate violation', 'A database error caused by inserting a value that must be unique.'),
    (433, 44, 'natural key', 'A real-world value used to identify a record uniquely.'),
    (434, 44, 'surrogate key', 'An artificial identifier used as a primary key.'),
    (435, 44, 'email uniqueness', 'A rule ensuring that two user records cannot share the same email.'),
    (436, 44, 'nickname uniqueness', 'A rule ensuring that two accounts cannot use the same nickname.'),
    (437, 44, 'composite unique constraint', 'A uniqueness rule based on multiple columns together.'),
    (438, 44, 'constraint name', 'The identifier assigned to a database constraint.'),
    (439, 44, 'conflict handling', 'Logic that defines what happens when inserted data would break a uniqueness rule.'),
    (440, 44, 'data duplication guard', 'A database rule or application check that prevents repeated records.'),

    (441, 45, 'instantaneous rate', 'The rate of change at one exact point on a curve.'),
    (442, 45, 'tangent slope', 'The slope of the line touching a curve at a single point.'),
    (443, 45, 'derivative notation', 'A symbolic way to write the derivative of a function.'),
    (444, 45, 'limit process', 'A method of studying what a value approaches as input changes.'),
    (445, 45, 'slope function', 'A function that gives the slope of another function at each point.'),
    (446, 45, 'critical point', 'A point where a derivative is zero or undefined.'),
    (447, 45, 'increasing interval', 'A part of a graph where function values rise as input increases.'),
    (448, 45, 'decreasing interval', 'A part of a graph where function values fall as input increases.'),
    (449, 45, 'local maximum', 'A point where a function is higher than nearby points.'),
    (450, 45, 'local minimum', 'A point where a function is lower than nearby points.'),

    (451, 46, 'colonial administration', 'The system used by an empire to govern a controlled territory.'),
    (452, 46, 'imperial center', 'The main power or country that controls distant territories.'),
    (453, 46, 'colonial resource extraction', 'The removal of valuable materials from a controlled territory.'),
    (454, 46, 'settler colony', 'A colony where people from the ruling power move permanently.'),
    (455, 46, 'anti-colonial resistance', 'Actions taken by local people against colonial control.'),
    (456, 46, 'imperial rivalry', 'Competition between empires for territory, influence, or resources.'),
    (457, 46, 'protectorate', 'A territory controlled by a stronger state while keeping limited local rule.'),
    (458, 46, 'colonial border', 'A boundary created or enforced by a colonial power.'),
    (459, 46, 'independence movement', 'A political effort to end foreign control and create self-rule.'),
    (460, 46, 'imperial policy', 'A rule or strategy used by an empire to manage territories.'),

    (461, 47, 'adaptive trait', 'A trait that improves an organism chance of survival or reproduction.'),
    (462, 47, 'selection pressure', 'An environmental factor that affects which organisms survive and reproduce.'),
    (463, 47, 'survival advantage', 'A benefit that helps an organism live long enough to reproduce.'),
    (464, 47, 'reproductive success', 'The ability of an organism to pass genes to the next generation.'),
    (465, 47, 'population variation', 'Differences in traits among individuals in a population.'),
    (466, 47, 'environmental change', 'A shift in conditions that can affect which traits are useful.'),
    (467, 47, 'fitness difference', 'A difference in how well organisms survive and reproduce in an environment.'),
    (468, 47, 'beneficial mutation', 'A genetic change that improves survival or reproduction in a given setting.'),
    (469, 47, 'natural selection process', 'The process where useful inherited traits become more common over generations.'),
    (470, 47, 'species adaptation', 'A long-term change that helps a species fit its environment better.'),

    (471, 48, 'urbanization', 'The growth of cities as more people move into urban areas.'),
    (472, 48, 'population density', 'The number of people living in a specific area.'),
    (473, 48, 'metropolitan area', 'A large city and its connected surrounding communities.'),
    (474, 48, 'rural migration', 'Movement of people from countryside areas to other places.'),
    (475, 48, 'urban sprawl', 'The spread of city development into surrounding land.'),
    (476, 48, 'housing demand', 'The need for homes created by population growth.'),
    (477, 48, 'commuter zone', 'An area where many people live while traveling to work elsewhere.'),
    (478, 48, 'public transport network', 'A connected system of buses, trains, or other shared transport.'),
    (479, 48, 'population growth rate', 'The speed at which the number of people in an area increases.'),
    (480, 48, 'urban infrastructure', 'The systems and services that support city life.'),

    (481, 49, 'constant time', 'A time complexity where running time does not grow with input size.'),
    (482, 49, 'linear time', 'A time complexity where running time grows directly with input size.'),
    (483, 49, 'quadratic time', 'A time complexity where running time grows with the square of input size.'),
    (484, 49, 'logarithmic time', 'A time complexity where growth slows as input size increases.'),
    (485, 49, 'exponential time', 'A time complexity where running time grows very quickly with input size.'),
    (486, 49, 'space complexity', 'The amount of memory an algorithm needs as input size changes.'),
    (487, 49, 'worst-case analysis', 'An estimate of algorithm behavior for the most difficult valid input.'),
    (488, 49, 'best-case analysis', 'An estimate of algorithm behavior for the easiest valid input.'),
    (489, 49, 'average-case analysis', 'An estimate of algorithm behavior for typical inputs.'),
    (490, 49, 'asymptotic growth', 'The long-term growth pattern of algorithm cost as input size becomes large.'),

    (491, 50, 'progress update', 'A short report describing what has been completed and what remains.'),
    (492, 50, 'project blocker', 'A problem that prevents a task or project from moving forward.'),
    (493, 50, 'milestone reached', 'A message indicating that an important project stage has been completed.'),
    (494, 50, 'scope change', 'A change to what work is included in a project.'),
    (495, 50, 'risk note', 'A short explanation of a possible issue that could affect project success.'),
    (496, 50, 'next action', 'The next specific task that should be completed.'),
    (497, 50, 'owner assignment', 'The act of naming the person responsible for a task.'),
    (498, 50, 'timeline update', 'A change or clarification about project dates and delivery expectations.'),
    (499, 50, 'status summary', 'A concise explanation of current project condition.'),
    (500, 50, 'completion estimate', 'An approximate prediction of when work will be finished.');

INSERT INTO flashcard (flashcard_id, set_id, term, definition)
VALUES
    (501, 51, 'study question', 'A question asked to better understand a lesson, note, or exercise.'),
    (502, 51, 'lesson summary', 'A short explanation of the most important points from a lesson.'),
    (503, 51, 'note comparison', 'A discussion where students compare what they wrote down during class.'),
    (504, 51, 'exercise hint', 'A small clue that helps someone solve a task without giving the full answer.'),
    (505, 51, 'revision plan', 'A plan that organizes what topics should be reviewed before a test.'),
    (506, 51, 'study partner', 'A person who studies together with another student.'),
    (507, 51, 'topic explanation', 'A spoken or written explanation of one subject from a lesson.'),
    (508, 51, 'practice answer', 'An answer written or spoken to prepare for a real task or test.'),
    (509, 51, 'group discussion', 'A conversation where several people share ideas about a study topic.'),
    (510, 51, 'learning goal', 'A specific thing that a student wants to understand or be able to do.'),

    (511, 52, 'short method', 'A method that does one focused task and is easy to understand.'),
    (512, 52, 'descriptive method name', 'A method name that clearly explains what the method does.'),
    (513, 52, 'parameter list', 'The values that a method receives when it is called.'),
    (514, 52, 'return type clarity', 'A design quality where the method result type is easy to understand.'),
    (515, 52, 'extracted helper method', 'A smaller method created from repeated or complex code.'),
    (516, 52, 'early return', 'A method style where invalid or finished cases return before deeper logic runs.'),
    (517, 52, 'guard clause', 'A condition at the start of a method that handles special cases early.'),
    (518, 52, 'method side effect', 'A change made by a method outside its returned value.'),
    (519, 52, 'readable control flow', 'Code structure that makes method decisions easy to follow.'),
    (520, 52, 'method cohesion', 'The degree to which all statements in a method support one clear purpose.'),

    (521, 53, 'constraint violation', 'A validation failure caused by input data breaking a declared rule.'),
    (522, 53, 'field error', 'An error connected to one specific field in a request object.'),
    (523, 53, 'global error', 'An error connected to the whole request rather than one field.'),
    (524, 53, 'validation message', 'A readable explanation telling the client why input was rejected.'),
    (525, 53, 'invalid request body', 'A request body that cannot be accepted because its data is missing or incorrect.'),
    (526, 53, 'binding result', 'An object that can contain validation and binding errors.'),
    (527, 53, 'minimum length rule', 'A validation rule requiring text to contain enough characters.'),
    (528, 53, 'email format rule', 'A validation rule requiring text to match an email address format.'),
    (529, 53, 'custom validator', 'A validator written for an application-specific input rule.'),
    (530, 53, 'error response model', 'A structured response used to return validation problems to the client.'),

    (531, 54, 'commit command', 'A database command that permanently saves changes in a transaction.'),
    (532, 54, 'rollback command', 'A database command that cancels changes made during a transaction.'),
    (533, 54, 'isolation level', 'A setting that controls how transactions see changes made by other transactions.'),
    (534, 54, 'dirty read', 'A read of data changed by another transaction that has not yet committed.'),
    (535, 54, 'non-repeatable read', 'A situation where reading the same row twice returns different committed values.'),
    (536, 54, 'phantom read', 'A situation where repeating a query returns additional or missing rows.'),
    (537, 54, 'atomic operation', 'An operation that should complete fully or not happen at all.'),
    (538, 54, 'consistent state', 'A database state where all rules and constraints are satisfied.'),
    (539, 54, 'transaction lock', 'A database lock used to protect data while a transaction is running.'),
    (540, 54, 'savepoint marker', 'A point inside a transaction that allows partial rollback.'),

    (541, 55, 'mean value', 'The average found by adding values and dividing by their count.'),
    (542, 55, 'median value', 'The middle value in an ordered list of numbers.'),
    (543, 55, 'mode value', 'The value that appears most often in a dataset.'),
    (544, 55, 'range value', 'The difference between the largest and smallest values in a dataset.'),
    (545, 55, 'data outlier', 'A value that is far away from most other values.'),
    (546, 55, 'frequency table', 'A table showing how often values or categories occur.'),
    (547, 55, 'data distribution', 'The pattern showing how values are spread across a dataset.'),
    (548, 55, 'summary statistic', 'A number used to describe an important feature of a dataset.'),
    (549, 55, 'quartile boundary', 'A value that divides ordered data into four parts.'),
    (550, 55, 'interquartile range', 'The difference between the first and third quartiles.'),

    (551, 56, 'factory system', 'A production system where workers and machines are organized in one workplace.'),
    (552, 56, 'machine production', 'The use of machines to make goods faster or in larger quantities.'),
    (553, 56, 'industrial labor', 'Work performed in factories, mines, or other industrial settings.'),
    (554, 56, 'urban workforce', 'Workers living in cities and employed in industrial or service jobs.'),
    (555, 56, 'steam power', 'Energy produced from steam and used to run machines or transport.'),
    (556, 56, 'textile mill', 'A factory where cloth or thread is produced.'),
    (557, 56, 'working conditions', 'The environment, hours, safety, and rules experienced by workers.'),
    (558, 56, 'mass production', 'The manufacturing of large quantities of similar goods.'),
    (559, 56, 'industrial city', 'A city that grows around factories, transport, and manufacturing.'),
    (560, 56, 'labor union', 'An organization formed by workers to protect their interests.'),

    (561, 57, 'chlorophyll pigment', 'A green pigment that helps plants capture light energy.'),
    (562, 57, 'carbon dioxide intake', 'The process of plants taking in carbon dioxide for photosynthesis.'),
    (563, 57, 'glucose production', 'The creation of sugar molecules during photosynthesis.'),
    (564, 57, 'oxygen release', 'The output of oxygen as a product of photosynthesis.'),
    (565, 57, 'light-dependent reaction', 'A photosynthesis stage that uses light energy directly.'),
    (566, 57, 'stomata opening', 'Small leaf openings that allow gas exchange.'),
    (567, 57, 'leaf surface', 'The outer area of a leaf where light and gas exchange are important.'),
    (568, 57, 'plant energy storage', 'The storing of energy in chemical molecules made by plants.'),
    (569, 57, 'photosynthetic organism', 'An organism that can use light energy to produce chemical energy.'),
    (570, 57, 'water absorption', 'The process of taking water into a plant, usually through roots.'),

    (571, 58, 'tropical climate', 'A climate type that is generally warm throughout the year.'),
    (572, 58, 'temperate climate', 'A climate type with moderate conditions and seasonal changes.'),
    (573, 58, 'polar climate', 'A climate type with very cold temperatures for most of the year.'),
    (574, 58, 'arid climate', 'A dry climate type with very low precipitation.'),
    (575, 58, 'seasonal rainfall', 'Rainfall that occurs mainly during particular parts of the year.'),
    (576, 58, 'climate region', 'An area grouped by long-term weather patterns.'),
    (577, 58, 'temperature range', 'The difference between high and low temperatures in an area.'),
    (578, 58, 'precipitation pattern', 'The typical amount and timing of rain, snow, or other moisture.'),
    (579, 58, 'monsoon season', 'A season marked by strong winds and heavy rainfall in some regions.'),
    (580, 58, 'dry season', 'A part of the year with little rainfall.'),

    (581, 59, 'source file', 'A file containing code written by a programmer.'),
    (582, 59, 'bytecode output', 'Intermediate code produced by some compilers and run by a virtual machine.'),
    (583, 59, 'syntax error', 'A code error caused by breaking the grammar rules of a programming language.'),
    (584, 59, 'compile-time check', 'A check performed before a program is run.'),
    (585, 59, 'interpreter', 'A program that executes code directly or step by step.'),
    (586, 59, 'build artifact', 'A file produced during the build process, such as a compiled package.'),
    (587, 59, 'linking step', 'A build step that connects compiled pieces of a program.'),
    (588, 59, 'compiler warning', 'A message about possible code problems that may not stop compilation.'),
    (589, 59, 'runtime execution', 'The period when a program is actually running.'),
    (590, 59, 'source transformation', 'The process of converting source code into another representation.'),

    (591, 60, 'due date', 'The date by which a task or deliverable should be completed.'),
    (592, 60, 'work estimate', 'An approximate prediction of time or effort needed for a task.'),
    (593, 60, 'priority level', 'A rank showing how important a task is compared with others.'),
    (594, 60, 'planning buffer', 'Extra time added to reduce the risk of missing a deadline.'),
    (595, 60, 'milestone date', 'A planned date for reaching an important project stage.'),
    (596, 60, 'delivery timeline', 'A schedule showing when work should be completed and delivered.'),
    (597, 60, 'task dependency', 'A task that must be finished before another task can start.'),
    (598, 60, 'deadline extension', 'An approved change that gives more time to complete work.'),
    (599, 60, 'schedule conflict', 'A situation where two planned tasks or meetings overlap.'),
    (600, 60, 'completion target', 'A planned point at which a task should be finished.'),

    (601, 61, 'customer question', 'A question from a customer asking for information or help.'),
    (602, 61, 'support instruction', 'A clear step telling a customer what to do next.'),
    (603, 61, 'problem description', 'A short explanation of what is not working for the customer.'),
    (604, 61, 'solution proposal', 'A suggested way to solve a customer problem.'),
    (605, 61, 'refund request', 'A customer request asking for money to be returned.'),
    (606, 61, 'account issue', 'A problem related to signing in, settings, or account access.'),
    (607, 61, 'troubleshooting step', 'One action used to find or fix the cause of a problem.'),
    (608, 61, 'customer confirmation', 'A message asking the customer to confirm that an issue is solved.'),
    (609, 61, 'service explanation', 'A clear description of how a service works or why something happened.'),
    (610, 61, 'support follow-up', 'A later message sent to check whether the customer still needs help.'),

    (611, 62, 'base package', 'The main package under which application classes are organized.'),
    (612, 62, 'import statement', 'A Java statement that makes another class available by name.'),
    (613, 62, 'package-private access', 'Visibility that allows access only inside the same package.'),
    (614, 62, 'utility package', 'A package used for helper classes or shared functions.'),
    (615, 62, 'model package', 'A package that contains classes representing application data or domain concepts.'),
    (616, 62, 'service package', 'A package that contains business logic classes.'),
    (617, 62, 'controller package', 'A package that contains classes responsible for handling API requests.'),
    (618, 62, 'repository package', 'A package that contains data access interfaces or classes.'),
    (619, 62, 'package convention', 'A naming and organization pattern used across Java packages.'),
    (620, 62, 'classpath scanning', 'The process of finding classes available to the application at runtime.'),

    (621, 63, 'constructor injection', 'Providing required dependencies through a class constructor.'),
    (622, 63, 'component annotation', 'An annotation that marks a class as a Spring-managed component.'),
    (623, 63, 'service annotation', 'An annotation that marks a class as a service-layer component.'),
    (624, 63, 'repository annotation', 'An annotation that marks a class or interface as a data access component.'),
    (625, 63, 'bean lifecycle', 'The process of creating, configuring, using, and destroying a Spring bean.'),
    (626, 63, 'application context lookup', 'Finding a managed bean inside the Spring application context.'),
    (627, 63, 'dependency graph', 'The network of objects that depend on one another in an application.'),
    (628, 63, 'optional dependency', 'A dependency that may not always be required or available.'),
    (629, 63, 'qualifier annotation', 'An annotation used to choose one bean when multiple candidates exist.'),
    (630, 63, 'primary bean', 'The bean selected by default when several beans match the requested type.'),

    (631, 64, 'first normal form', 'A database design rule requiring values to be atomic and rows to be structured consistently.'),
    (632, 64, 'second normal form', 'A design rule focused on removing partial dependency from composite keys.'),
    (633, 64, 'third normal form', 'A design rule focused on removing unnecessary dependency between non-key columns.'),
    (634, 64, 'data redundancy', 'Unnecessary repetition of the same data in multiple places.'),
    (635, 64, 'lookup table', 'A table used to store reusable values referenced by other tables.'),
    (636, 64, 'entity table', 'A table representing a main object or concept in the database.'),
    (637, 64, 'relationship table', 'A table used to connect records from other tables.'),
    (638, 64, 'denormalization', 'The intentional addition of repeated data to improve query performance.'),
    (639, 64, 'functional dependency', 'A relationship where one column value determines another column value.'),
    (640, 64, 'update anomaly', 'A data problem that occurs when repeated data is changed inconsistently.'),

    (641, 65, 'matrix element', 'One value stored at a specific row and column of a matrix.'),
    (642, 65, 'row vector', 'A vector written as a single horizontal row.'),
    (643, 65, 'column vector', 'A vector written as a single vertical column.'),
    (644, 65, 'matrix dimension', 'The number of rows and columns in a matrix.'),
    (645, 65, 'square matrix', 'A matrix with the same number of rows and columns.'),
    (646, 65, 'zero matrix', 'A matrix in which every element is zero.'),
    (647, 65, 'identity matrix', 'A square matrix with ones on the main diagonal and zeros elsewhere.'),
    (648, 65, 'matrix addition', 'An operation that adds matching elements from two matrices.'),
    (649, 65, 'scalar multiplication', 'An operation that multiplies every matrix element by the same number.'),
    (650, 65, 'main diagonal', 'The diagonal running from the top-left to the bottom-right of a square matrix.'),

    (651, 66, 'popular vote', 'The total votes cast by citizens in an election.'),
    (652, 66, 'representative assembly', 'A group of elected people who make laws or decisions for citizens.'),
    (653, 66, 'civil rights', 'Basic rights that protect citizens in public and political life.'),
    (654, 66, 'constitutional limit', 'A rule that restricts what government power can do.'),
    (655, 66, 'electoral system', 'The method used to organize voting and choose representatives.'),
    (656, 66, 'public debate', 'An open discussion of political issues, policies, or decisions.'),
    (657, 66, 'rule of law', 'The principle that laws apply to everyone, including leaders.'),
    (658, 66, 'citizen participation', 'The involvement of citizens in political or community decision-making.'),
    (659, 66, 'majority decision', 'A choice supported by more than half of voters or representatives.'),
    (660, 66, 'minority protection', 'Rules or practices that protect groups with less political power.'),

    (661, 67, 'primary producer', 'An organism that makes its own food and forms the base of a food chain.'),
    (662, 67, 'primary consumer', 'An organism that eats producers such as plants or algae.'),
    (663, 67, 'secondary consumer', 'An organism that eats primary consumers.'),
    (664, 67, 'top predator', 'A predator with few or no natural predators in its ecosystem.'),
    (665, 67, 'decomposer organism', 'An organism that breaks down dead matter and returns nutrients to the environment.'),
    (666, 67, 'energy pyramid', 'A diagram showing how energy decreases between feeding levels.'),
    (667, 67, 'trophic level', 'A feeding position in a food chain or food web.'),
    (668, 67, 'food web', 'A network of connected food chains in an ecosystem.'),
    (669, 67, 'predator-prey relationship', 'An interaction where one organism hunts and another is hunted.'),
    (670, 67, 'nutrient cycle', 'The movement of nutrients through living organisms and the environment.'),

    (671, 68, 'language region', 'An area where a particular language or language group is commonly used.'),
    (672, 68, 'cultural landscape', 'A geographic area shaped by human culture and activity.'),
    (673, 68, 'regional identity', 'A shared sense of belonging connected to a place or region.'),
    (674, 68, 'cultural border', 'A boundary influenced by language, religion, customs, or history.'),
    (675, 68, 'ethnic region', 'An area associated with a particular ethnic group.'),
    (676, 68, 'religious landscape', 'The geographic pattern of religious communities, buildings, and practices.'),
    (677, 68, 'cultural diffusion', 'The spread of ideas, customs, or practices from one place to another.'),
    (678, 68, 'regional custom', 'A tradition or practice common in a particular area.'),
    (679, 68, 'heritage site', 'A place valued because of its cultural or historical importance.'),
    (680, 68, 'human landscape', 'The visible effect of human activity on a geographic area.'),

    (681, 69, 'heap memory', 'A memory area used for dynamically allocated objects.'),
    (682, 69, 'stack memory', 'A memory area used for function calls and local variables.'),
    (683, 69, 'memory allocation', 'The process of reserving memory for program data.'),
    (684, 69, 'memory leak', 'A problem where memory is no longer needed but is not released.'),
    (685, 69, 'garbage collection', 'Automatic cleanup of memory no longer used by a program.'),
    (686, 69, 'virtual memory', 'A memory management technique that gives programs the appearance of more memory.'),
    (687, 69, 'page fault', 'An event that occurs when a program tries to access data not currently in physical memory.'),
    (688, 69, 'memory address', 'A numeric location used to find data in memory.'),
    (689, 69, 'buffer overflow', 'A problem caused by writing more data to a buffer than it can hold.'),
    (690, 69, 'resource cleanup', 'The process of releasing memory, files, or handles that are no longer needed.'),

    (691, 70, 'client requirement', 'A need or condition described by a client for a project.'),
    (692, 70, 'scope statement', 'A document or summary explaining what work is included in a project.'),
    (693, 70, 'acceptance test', 'A check used to confirm that delivered work meets requirements.'),
    (694, 70, 'delivery expectation', 'What a client believes should be provided and when.'),
    (695, 70, 'requirement clarification', 'A question or explanation used to make a client need more precise.'),
    (696, 70, 'change request', 'A client request to alter project scope, behavior, or delivery.'),
    (697, 70, 'project assumption', 'A condition believed to be true while planning project work.'),
    (698, 70, 'stakeholder approval', 'Formal or informal acceptance from a person involved in the project.'),
    (699, 70, 'scope boundary', 'The limit separating included work from excluded work.'),
    (700, 70, 'delivery sign-off', 'A confirmation that the client accepts completed work.'),

    (701, 71, 'party invitation', 'A message asking someone to attend a social event.'),
    (702, 71, 'accepting an invitation', 'A phrase used to say that you will attend an event.'),
    (703, 71, 'declining politely', 'A phrase used to say no to an invitation in a respectful way.'),
    (704, 71, 'change of plans', 'A message explaining that an earlier arrangement needs to be adjusted.'),
    (705, 71, 'arrival time question', 'A question asking when someone plans to arrive.'),
    (706, 71, 'bringing a guest', 'A phrase used to ask or say whether another person can come too.'),
    (707, 71, 'dress code question', 'A question asking what clothing is appropriate for an event.'),
    (708, 71, 'event reminder', 'A message reminding someone about an upcoming social event.'),
    (709, 71, 'host thank-you', 'A phrase used to thank the person who organized an event.'),
    (710, 71, 'informal RSVP', 'A casual response confirming whether someone will attend.'),

    (711, 72, 'overloaded method', 'A method sharing a name with another method but using different parameters.'),
    (712, 72, 'parameter count', 'The number of values a method receives.'),
    (713, 72, 'parameter type', 'The data type expected for a method argument.'),
    (714, 72, 'method resolution', 'The process Java uses to choose which overloaded method to call.'),
    (715, 72, 'ambiguous call', 'A method call where Java cannot clearly choose between overloads.'),
    (716, 72, 'varargs parameter', 'A parameter that allows a method to receive a variable number of arguments.'),
    (717, 72, 'signature difference', 'A difference in method parameters that allows overloading.'),
    (718, 72, 'compile-time dispatch', 'Method selection decided by the compiler before the program runs.'),
    (719, 72, 'overload readability', 'How clearly overloaded methods communicate their different purposes.'),
    (720, 72, 'argument matching', 'The process of comparing supplied values with method parameters.'),

    (721, 73, 'controller layer', 'The application layer responsible for receiving and responding to HTTP requests.'),
    (722, 73, 'service layer', 'The application layer responsible for business rules and use cases.'),
    (723, 73, 'repository layer', 'The application layer responsible for data access.'),
    (724, 73, 'entity boundary', 'The separation between persistent database models and other application models.'),
    (725, 73, 'DTO boundary', 'The separation between API data models and internal application models.'),
    (726, 73, 'mapper component', 'A component that converts data between different model types.'),
    (727, 73, 'layer dependency rule', 'A rule controlling which application layers may depend on others.'),
    (728, 73, 'request flow', 'The path a request follows through controller, service, and repository code.'),
    (729, 73, 'response mapping', 'The conversion of internal data into an API response model.'),
    (730, 73, 'layered responsibility', 'The specific job assigned to each layer in an application.'),

    (731, 74, 'identity column', 'A database column that automatically generates values for new rows.'),
    (732, 74, 'generated identifier', 'An ID value created by the database instead of being provided manually.'),
    (733, 74, 'default value expression', 'A database expression used when no explicit value is supplied.'),
    (734, 74, 'sequence generator', 'A database object that produces a series of numeric values.'),
    (735, 74, 'next sequence value', 'The next number returned by a database sequence.'),
    (736, 74, 'restart identity', 'Resetting generated ID values to start again from a chosen point.'),
    (737, 74, 'manual identifier insert', 'An insert operation where the ID value is explicitly provided.'),
    (738, 74, 'auto-increment behavior', 'Automatic creation of increasing numeric identifiers.'),
    (739, 74, 'identity strategy', 'The approach used by a database or ORM to generate row IDs.'),
    (740, 74, 'sequence synchronization', 'Adjusting a sequence so future generated IDs do not conflict with existing rows.'),

    (741, 75, 'substitution value', 'A number inserted into a formula in place of a variable.'),
    (742, 75, 'formula variable', 'A symbol in a formula that stands for a value.'),
    (743, 75, 'calculation order', 'The sequence in which operations should be performed.'),
    (744, 75, 'numeric replacement', 'The act of replacing symbols with numbers before evaluating an expression.'),
    (745, 75, 'expression evaluation', 'The process of calculating the value of a mathematical expression.'),
    (746, 75, 'unit conversion', 'Changing a measurement from one unit to another.'),
    (747, 75, 'formula rearrangement', 'Changing a formula to solve for a different variable.'),
    (748, 75, 'result checking', 'Verifying that a calculated answer makes sense.'),
    (749, 75, 'known quantity', 'A value that is given and can be used in a formula.'),
    (750, 75, 'unknown quantity', 'A value that must be found by using a formula or equation.');

INSERT INTO flashcard (flashcard_id, set_id, term, definition)
VALUES
    (751, 76, 'armistice agreement', 'A temporary agreement to stop fighting before a final peace settlement is made.'),
    (752, 76, 'peace negotiation', 'A diplomatic discussion intended to end a conflict through agreement.'),
    (753, 76, 'border settlement', 'A treaty provision that defines or changes territorial boundaries.'),
    (754, 76, 'reparation payment', 'Money or resources given after conflict to compensate for damage or loss.'),
    (755, 76, 'diplomatic recognition', 'Formal acceptance of a state, government, or political authority by another state.'),
    (756, 76, 'ceasefire line', 'A line marking where fighting should stop between opposing forces.'),
    (757, 76, 'treaty ratification', 'The formal approval process that makes a treaty legally valid.'),
    (758, 76, 'postwar settlement', 'The political arrangement created after a war ends.'),
    (759, 76, 'alliance obligation', 'A duty created when states agree to support one another.'),
    (760, 76, 'diplomatic mediator', 'A neutral party helping opponents reach an agreement.'),

    (761, 77, 'active site', 'The region of an enzyme where a substrate binds during a reaction.'),
    (762, 77, 'substrate molecule', 'The molecule that an enzyme acts on during a chemical reaction.'),
    (763, 77, 'enzyme specificity', 'The tendency of an enzyme to work with only certain substrates.'),
    (764, 77, 'reaction catalyst', 'A substance that speeds up a reaction without being consumed.'),
    (765, 77, 'activation energy', 'The energy needed for a chemical reaction to begin.'),
    (766, 77, 'enzyme inhibition', 'A process that reduces or blocks enzyme activity.'),
    (767, 77, 'competitive inhibitor', 'A molecule that competes with the substrate for the enzyme active site.'),
    (768, 77, 'reaction product', 'The substance formed after an enzyme-catalyzed reaction.'),
    (769, 77, 'optimal temperature', 'The temperature at which an enzyme works most effectively.'),
    (770, 77, 'protein denaturation', 'A structural change that can cause a protein or enzyme to stop working.'),

    (771, 78, 'sea cliff', 'A steep rock face along a coast shaped by wave erosion.'),
    (772, 78, 'sandy beach', 'A coastal landform made of loose sand deposited by waves.'),
    (773, 78, 'coastal erosion', 'The wearing away of land along a coastline by waves, wind, or currents.'),
    (774, 78, 'wave-cut platform', 'A flat rocky surface formed when waves erode the base of a cliff.'),
    (775, 78, 'sea stack', 'A tall isolated rock column left behind by coastal erosion.'),
    (776, 78, 'tidal flat', 'A low coastal area covered and uncovered by tides.'),
    (777, 78, 'barrier island', 'A long narrow island that protects a coast from waves and storms.'),
    (778, 78, 'coastal lagoon', 'A shallow body of water separated from the sea by a barrier.'),
    (779, 78, 'shoreline retreat', 'The movement of a coastline inland over time.'),
    (780, 78, 'longshore drift', 'The movement of sediment along a coast by waves approaching at an angle.'),

    (781, 79, 'hash key', 'A value used to store and retrieve an entry in a map collection.'),
    (782, 79, 'mapped value', 'The data associated with a specific key in a map.'),
    (783, 79, 'key collision', 'A situation where different keys produce the same hash location.'),
    (784, 79, 'entry set', 'The collection of key-value pairs stored in a map.'),
    (785, 79, 'map lookup', 'The operation of retrieving a value by using its key.'),
    (786, 79, 'key uniqueness', 'The rule that each key appears only once in a map.'),
    (787, 79, 'value replacement', 'The act of assigning a new value to an existing key.'),
    (788, 79, 'map iteration', 'The process of visiting entries, keys, or values in a map.'),
    (789, 79, 'default map value', 'A fallback value used when a requested key is missing.'),
    (790, 79, 'ordered map', 'A map implementation that preserves a defined order of entries.'),

    (791, 80, 'title slide', 'The opening slide that introduces the topic of a presentation.'),
    (792, 80, 'speaker note', 'Private guidance written for the presenter but not shown as slide content.'),
    (793, 80, 'chart explanation', 'A spoken or written explanation of what a chart shows.'),
    (794, 80, 'slide transition', 'A visual effect used when moving from one slide to another.'),
    (795, 80, 'audience question', 'A question asked by listeners during or after a presentation.'),
    (796, 80, 'closing summary', 'The final recap of the most important presentation points.'),
    (797, 80, 'visual hierarchy', 'The arrangement of slide elements to show what is most important.'),
    (798, 80, 'bullet point', 'A short line of text used to present one idea clearly.'),
    (799, 80, 'presentation handout', 'A document shared with the audience to support the presentation.'),
    (800, 80, 'call to action', 'A final statement asking the audience to do something after the presentation.'),

    (801, 81, 'softened request', 'A polite request phrased gently to avoid sounding too direct.'),
    (802, 81, 'indirect question', 'A question phrased in a more polite or formal way.'),
    (803, 81, 'courtesy phrase', 'A phrase that makes communication sound more respectful.'),
    (804, 81, 'permission request', 'A polite question asking whether an action is allowed.'),
    (805, 81, 'apology opener', 'A phrase used to begin a message that includes an apology.'),
    (806, 81, 'gentle reminder', 'A polite message used to remind someone without pressure.'),
    (807, 81, 'appreciation phrase', 'A phrase used to show gratitude in a respectful way.'),
    (808, 81, 'clarifying request', 'A polite request asking someone to make information clearer.'),
    (809, 81, 'formal thanks', 'A respectful expression of gratitude used in professional communication.'),
    (810, 81, 'polite refusal', 'A respectful way to decline an offer, request, or invitation.'),

    (811, 82, 'type parameter', 'A placeholder type used when defining a generic class or method.'),
    (812, 82, 'generic class', 'A class that can work with different data types using type parameters.'),
    (813, 82, 'generic method', 'A method that declares its own type parameter.'),
    (814, 82, 'bounded type', 'A generic type parameter limited to a certain parent type or interface.'),
    (815, 82, 'wildcard type', 'A generic type written with a question mark to allow flexible type usage.'),
    (816, 82, 'type inference', 'The compiler process of determining a generic type from context.'),
    (817, 82, 'raw type', 'A generic type used without specifying its type parameter.'),
    (818, 82, 'generic collection', 'A collection that restricts its elements to a declared type.'),
    (819, 82, 'upper bound', 'A generic type limit requiring a type to extend a given parent type.'),
    (820, 82, 'lower bound', 'A generic type limit requiring a type to be a parent of a given type.'),

    (821, 83, 'success status', 'An HTTP status code indicating that a request was handled successfully.'),
    (822, 83, 'created status', 'An HTTP status code indicating that a new resource was created.'),
    (823, 83, 'bad request status', 'An HTTP status code indicating that the request data was invalid.'),
    (824, 83, 'not found status', 'An HTTP status code indicating that the requested resource does not exist.'),
    (825, 83, 'conflict status', 'An HTTP status code indicating that a request conflicts with current resource state.'),
    (826, 83, 'server error status', 'An HTTP status code indicating that the server failed while processing the request.'),
    (827, 83, 'no content status', 'An HTTP status code indicating success without a response body.'),
    (828, 83, 'unauthenticated status', 'An HTTP status code indicating that valid authentication is missing.'),
    (829, 83, 'access denied status', 'An HTTP status code indicating that the authenticated user lacks permission.'),
    (830, 83, 'validation failure status', 'A response status used when submitted data breaks validation rules.'),

    (831, 84, 'referenced parent', 'A row that is pointed to by a foreign key in another table.'),
    (832, 84, 'dependent child', 'A row that stores a foreign key pointing to a parent row.'),
    (833, 84, 'orphan record', 'A row that no longer has a valid related parent row.'),
    (834, 84, 'cascade update', 'A rule that updates related foreign key values when a parent key changes.'),
    (835, 84, 'restrict delete', 'A rule that prevents deleting a parent row while related child rows exist.'),
    (836, 84, 'nullify reference', 'A rule that sets a foreign key to null when the referenced row changes or disappears.'),
    (837, 84, 'foreign key check', 'A database check ensuring that a referenced row really exists.'),
    (838, 84, 'relationship integrity', 'The correctness of links between related database tables.'),
    (839, 84, 'parent deletion rule', 'A rule defining what happens to child rows when a parent row is deleted.'),
    (840, 84, 'invalid reference', 'A foreign key value that points to no existing parent row.'),

    (841, 85, 'extreme value', 'A value that is much higher or lower than most other values in a dataset.'),
    (842, 85, 'outlier detection', 'The process of finding unusual values in a dataset.'),
    (843, 85, 'data anomaly', 'A value or pattern that does not fit what is normally expected.'),
    (844, 85, 'box plot whisker', 'A part of a box plot that helps show data spread and possible outliers.'),
    (845, 85, 'z-score', 'A measure showing how far a value is from the mean in standard deviation units.'),
    (846, 85, 'influential value', 'A data point that strongly affects a statistic or model.'),
    (847, 85, 'cleaned dataset', 'A dataset after errors, duplicates, or unusual values have been reviewed.'),
    (848, 85, 'measurement error', 'An incorrect value caused by a problem in recording or measuring data.'),
    (849, 85, 'robust statistic', 'A statistic that is not strongly affected by extreme values.'),
    (850, 85, 'outlier threshold', 'A rule used to decide when a value should be treated as unusual.'),

    (851, 86, 'territorial sovereignty', 'The authority of a state over its territory and population.'),
    (852, 86, 'national identity', 'A shared sense of belonging to a nation.'),
    (853, 86, 'citizenship status', 'The legal relationship between a person and a state.'),
    (854, 86, 'central government', 'The main governing authority of a state.'),
    (855, 86, 'state border', 'A boundary defining the territory controlled by a state.'),
    (856, 86, 'national law', 'A legal rule that applies within a state.'),
    (857, 86, 'public administration', 'The system of offices and workers that carry out government tasks.'),
    (858, 86, 'state formation', 'The historical process by which a political state develops.'),
    (859, 86, 'national symbol', 'An object, image, or song representing a nation.'),
    (860, 86, 'civic duty', 'A responsibility expected of citizens within a state.'),

    (861, 87, 'allele variation', 'A difference in gene versions found among individuals.'),
    (862, 87, 'gene pool', 'The complete set of genetic variants in a population.'),
    (863, 87, 'inherited mutation', 'A genetic change passed from parent to offspring.'),
    (864, 87, 'genetic diversity', 'The variety of genetic traits within a population.'),
    (865, 87, 'population genetics', 'The study of genetic variation within and between populations.'),
    (866, 87, 'trait frequency', 'How often a particular trait appears in a population.'),
    (867, 87, 'random mutation', 'A genetic change that occurs without being directed by need.'),
    (868, 87, 'genetic recombination', 'The reshuffling of genetic material during reproduction.'),
    (869, 87, 'adaptive variation', 'A genetic difference that may help organisms survive in certain conditions.'),
    (870, 87, 'carrier organism', 'An organism that has a genetic variant without always showing the trait.'),

    (871, 88, 'push factor', 'A condition that encourages people to leave a place.'),
    (872, 88, 'pull factor', 'A condition that attracts people to a new place.'),
    (873, 88, 'internal migration', 'Movement of people within the borders of one country.'),
    (874, 88, 'international migration', 'Movement of people from one country to another.'),
    (875, 88, 'seasonal migration', 'Movement that happens at certain times of the year.'),
    (876, 88, 'forced migration', 'Movement caused by conflict, disaster, persecution, or pressure.'),
    (877, 88, 'voluntary migration', 'Movement based on personal choice or opportunity.'),
    (878, 88, 'migration corridor', 'A common route used by people moving between places.'),
    (879, 88, 'destination region', 'The place where migrants move to live or work.'),
    (880, 88, 'origin region', 'The place from which migrants begin their movement.'),

    (881, 89, 'valid input range', 'The allowed range of values that a program or algorithm can accept.'),
    (882, 89, 'input limit', 'A maximum or minimum value allowed by a problem or program.'),
    (883, 89, 'format requirement', 'A rule describing how input data must be structured.'),
    (884, 89, 'missing value case', 'A case where expected input information is absent.'),
    (885, 89, 'invalid character', 'A character that is not allowed in a given input.'),
    (886, 89, 'size constraint', 'A rule limiting the length or number of input elements.'),
    (887, 89, 'type constraint', 'A rule requiring input to match a specific data type.'),
    (888, 89, 'precondition check', 'A check verifying that input satisfies required assumptions before processing.'),
    (889, 89, 'input validation path', 'The code path responsible for accepting or rejecting input data.'),
    (890, 89, 'constraint violation message', 'A message explaining which input rule was broken.'),

    (891, 90, 'opening offer', 'The first proposal made during a negotiation.'),
    (892, 90, 'counteroffer', 'A new proposal made in response to an earlier offer.'),
    (893, 90, 'negotiation leverage', 'An advantage that helps one side influence the agreement.'),
    (894, 90, 'fallback position', 'The option a party can use if the negotiation fails.'),
    (895, 90, 'common ground', 'Shared interests or points of agreement between negotiating sides.'),
    (896, 90, 'deal breaker', 'A condition that makes an agreement impossible if not resolved.'),
    (897, 90, 'price concession', 'A reduction or adjustment offered to help reach agreement.'),
    (898, 90, 'final terms', 'The conditions accepted at the end of a negotiation.'),
    (899, 90, 'mutual benefit', 'A result that gives value to both sides of a negotiation.'),
    (900, 90, 'negotiation deadline', 'The time limit by which an agreement should be reached.'),

    (901, 91, 'wake-up time', 'The time when someone usually gets out of bed in the morning.'),
    (902, 91, 'morning alarm', 'A sound or signal used to wake someone up.'),
    (903, 91, 'breakfast routine', 'The usual actions connected with preparing or eating breakfast.'),
    (904, 91, 'commute plan', 'The planned way of traveling to work, school, or another place.'),
    (905, 91, 'daily habit', 'An action repeated regularly as part of normal life.'),
    (906, 91, 'morning checklist', 'A list of tasks to complete at the start of the day.'),
    (907, 91, 'getting ready', 'The process of preparing yourself before leaving home.'),
    (908, 91, 'household chore', 'A routine task done to keep a home clean or organized.'),
    (909, 91, 'early appointment', 'A planned meeting or visit scheduled near the start of the day.'),
    (910, 91, 'daily schedule', 'A plan showing activities arranged throughout the day.'),

    (911, 92, 'for loop', 'A loop structure often used when the number of repetitions is known.'),
    (912, 92, 'while loop', 'A loop structure that repeats while a condition remains true.'),
    (913, 92, 'loop condition', 'The expression that decides whether a loop should continue.'),
    (914, 92, 'loop counter', 'A variable used to count loop repetitions.'),
    (915, 92, 'iteration variable', 'A variable whose value changes during repeated loop execution.'),
    (916, 92, 'break statement', 'A statement that exits a loop before its normal condition ends it.'),
    (917, 92, 'continue statement', 'A statement that skips the rest of the current loop iteration.'),
    (918, 92, 'nested loop', 'A loop placed inside another loop.'),
    (919, 92, 'infinite loop', 'A loop that continues forever unless interrupted or stopped.'),
    (920, 92, 'loop body', 'The block of code executed each time a loop repeats.'),

    (921, 93, 'application YAML', 'A configuration file commonly used to define Spring Boot settings.'),
    (922, 93, 'classpath resource', 'A file available to the application from the classpath.'),
    (923, 93, 'resource directory', 'The project folder where configuration files and static resources are stored.'),
    (924, 93, 'profile YAML file', 'A configuration file loaded for a specific Spring profile.'),
    (925, 93, 'migration folder', 'A resources folder containing Flyway database migration scripts.'),
    (926, 93, 'static resource', 'A file served directly or included as part of application resources.'),
    (927, 93, 'property placeholder', 'A configuration expression replaced by an environment or property value.'),
    (928, 93, 'startup configuration', 'Settings read when the application begins running.'),
    (929, 93, 'resource path', 'The location used to find a file inside application resources.'),
    (930, 93, 'configuration override', 'A setting that replaces a base value in a specific environment.'),

    (931, 94, 'select list', 'The part of a query that names which columns or expressions should be returned.'),
    (932, 94, 'from clause', 'The part of a query that identifies the table being read.'),
    (933, 94, 'where condition', 'A condition used to filter rows in a SELECT query.'),
    (934, 94, 'order direction', 'The ASC or DESC choice that controls sorting direction.'),
    (935, 94, 'limit clause', 'A query clause used to restrict the number of returned rows.'),
    (936, 94, 'column alias', 'A temporary name assigned to a returned column or expression.'),
    (937, 94, 'distinct keyword', 'A SQL keyword used to remove duplicate rows from results.'),
    (938, 94, 'comparison operator', 'An operator such as equals or greater than used inside a condition.'),
    (939, 94, 'logical operator', 'An operator such as AND or OR used to combine query conditions.'),
    (940, 94, 'result ordering', 'The arrangement of returned rows according to a sorting rule.'),

    (941, 95, 'operation order', 'The rule-based sequence used when evaluating a mathematical expression.'),
    (942, 95, 'parentheses step', 'The calculation step performed first when parentheses are present.'),
    (943, 95, 'multiplication stage', 'The part of a calculation where multiplication operations are performed.'),
    (944, 95, 'division stage', 'The part of a calculation where division operations are performed.'),
    (945, 95, 'addition stage', 'The part of a calculation where addition operations are performed.'),
    (946, 95, 'subtraction stage', 'The part of a calculation where subtraction operations are performed.'),
    (947, 95, 'intermediate result', 'A temporary value found before the final answer is calculated.'),
    (948, 95, 'calculation check', 'A review step used to see whether an answer is reasonable.'),
    (949, 95, 'rounding rule', 'A rule used to shorten a number to a chosen level of precision.'),
    (950, 95, 'final answer', 'The completed result after all calculation steps are finished.'),

    (951, 96, 'trade good', 'An item exchanged between people, communities, or regions.'),
    (952, 96, 'cultural contact', 'Interaction between groups that can spread ideas, customs, or technologies.'),
    (953, 96, 'exchange route', 'A path used to move goods and ideas between places.'),
    (954, 96, 'merchant traveler', 'A trader who moves between regions to buy and sell goods.'),
    (955, 96, 'shared technology', 'A tool or method that spreads from one culture to another.'),
    (956, 96, 'imported product', 'A good brought into a region from another place.'),
    (957, 96, 'exported product', 'A good sent from one region to another for trade.'),
    (958, 96, 'cultural borrowing', 'The adoption of ideas or practices from another group.'),
    (959, 96, 'trade partnership', 'A relationship between groups that exchange goods or services.'),
    (960, 96, 'market exchange', 'The buying, selling, or trading of goods in an organized place.'),

    (961, 97, 'circulatory system', 'The body system that moves blood, oxygen, and nutrients around the body.'),
    (962, 97, 'respiratory system', 'The body system responsible for breathing and gas exchange.'),
    (963, 97, 'digestive system', 'The body system that breaks down food and absorbs nutrients.'),
    (964, 97, 'nervous system', 'The body system that sends signals and coordinates responses.'),
    (965, 97, 'skeletal system', 'The body system that supports the body and protects organs.'),
    (966, 97, 'muscular system', 'The body system that enables movement and posture.'),
    (967, 97, 'immune system', 'The body system that helps defend against disease.'),
    (968, 97, 'endocrine system', 'The body system that uses hormones to regulate functions.'),
    (969, 97, 'organ function', 'The specific job performed by an organ in the body.'),
    (970, 97, 'tissue group', 'A collection of similar cells working together for a shared purpose.'),

    (971, 98, 'weather forecast', 'A prediction of weather conditions for a future time.'),
    (972, 98, 'seasonal change', 'A regular shift in weather and daylight patterns during the year.'),
    (973, 98, 'daily temperature', 'The measured warmth or coldness of the air during a day.'),
    (974, 98, 'wind direction', 'The direction from which the wind is coming.'),
    (975, 98, 'rainfall amount', 'The quantity of rain measured over a place and time.'),
    (976, 98, 'cloud cover', 'The amount of sky covered by clouds.'),
    (977, 98, 'humidity level', 'The amount of water vapor present in the air.'),
    (978, 98, 'storm warning', 'An alert that dangerous storm conditions may occur.'),
    (979, 98, 'seasonal pattern', 'A repeated weather trend linked to a time of year.'),
    (980, 98, 'local climate', 'The typical weather conditions of a specific place over a long period.'),

    (981, 99, 'assignment statement', 'A program instruction that stores a value in a variable.'),
    (982, 99, 'conditional statement', 'A program instruction that chooses behavior based on a condition.'),
    (983, 99, 'function call', 'A program instruction that runs a named block of code.'),
    (984, 99, 'variable declaration', 'A program instruction that introduces a variable name and type or value.'),
    (985, 99, 'return statement', 'A program instruction that sends a result back from a function or method.'),
    (986, 99, 'print instruction', 'A program instruction that displays text or data as output.'),
    (987, 99, 'input reading', 'A program action that receives data from a user, file, or another source.'),
    (988, 99, 'execution order', 'The sequence in which program instructions are run.'),
    (989, 99, 'code block', 'A grouped set of program instructions treated as one unit.'),
    (990, 99, 'program variable', 'A named storage location used by a program to hold data.'),

    (991, 100, 'task owner', 'The person responsible for completing a specific task.'),
    (992, 100, 'team responsibility', 'A duty assigned to a team or team member.'),
    (993, 100, 'progress tracker', 'A tool or document used to monitor task completion.'),
    (994, 100, 'work assignment', 'A task given to a person or group to complete.'),
    (995, 100, 'priority task', 'A task that should be handled before less important work.'),
    (996, 100, 'blocked task', 'A task that cannot continue because something is missing or unresolved.'),
    (997, 100, 'task handoff', 'The transfer of responsibility for work from one person to another.'),
    (998, 100, 'team update', 'A message that informs others about progress, problems, or next steps.'),
    (999, 100, 'shared responsibility', 'A duty that belongs to more than one person or group.'),
    (1000, 100, 'completed task', 'A task that has been finished and no longer needs active work.');


DO $$
BEGIN
    PERFORM setval(pg_get_serial_sequence('"user"', 'user_id'), 10, true);
    PERFORM setval(pg_get_serial_sequence('flashcard_set', 'set_id'), 100, true);
    PERFORM setval(pg_get_serial_sequence('flashcard', 'flashcard_id'), 1000, true);
END $$;

DROP TABLE sample_seed_sets;
